,Date,Visa,Master
1,2008-03-20,0.138938053,0.05753635
2,2008-03-24,-0.071794872,-0.017605953
3,2008-03-25,0.05893186,0.039168591
4,2008-03-26,0.011225296000000001,-0.009467464
5,2008-03-27,-0.01641651,-0.00964779
6,2008-03-28,-0.002384359,-0.014046171000000001
7,2008-03-31,-0.006373485999999999,0.024770219
8,2008-04-01,-0.01202694,0.029642584
9,2008-04-02,0.011524103,-0.025479137000000002
10,2008-04-03,0.051026958,0.033519553
11,2008-04-04,-0.015572518999999998,-0.020237795
12,2008-04-07,0.008684864,-0.0014124110000000001
13,2008-04-08,0.046894219,0.023071822999999998
14,2008-04-09,-0.033778822,-0.011750983000000001
15,2008-04-10,0.004863961,0.0007431689999999999
16,2008-04-11,0.0,-0.001397825
17,2008-04-14,-0.006504311,-0.00656168
18,2008-04-15,-0.020249695,-0.010656186000000002
19,2008-04-16,0.027816628,0.02577003
20,2008-04-17,0.013607498999999999,0.000130169
21,2008-04-18,0.029236277,0.013926291
22,2008-04-21,0.028550725,0.009798425
23,2008-04-22,-0.009722418,-0.005847458000000001
24,2008-04-23,-0.00284576,-0.0028983040000000004
25,2008-04-24,0.031678082,0.023980507999999998
26,2008-04-25,0.038727524,-0.009016907
27,2008-04-28,0.007057257,0.021525759
28,2008-04-29,0.069416898,0.129814474
29,2008-04-30,0.03177547,0.015256551
30,2008-05-01,0.023367286,0.05672994
31,2008-05-02,-0.031030445,-0.030278253999999998
32,2008-05-05,0.027915408,0.020207619
33,2008-05-06,0.029038326,0.017950482
34,2008-05-07,0.011081915,-0.016924465
35,2008-05-08,-0.013559322,0.008247105
36,2008-05-09,-0.050859107,-0.022357758999999998
37,2008-05-12,-0.011585807,0.011887746000000001
38,2008-05-13,0.005860806,-0.005030042
39,2008-05-14,-0.00182083,-0.008102493
40,2008-05-15,0.00024322,0.001082176
41,2008-05-16,0.001458967,-0.011751578
42,2008-05-19,0.011533325,-0.011997141999999999
43,2008-05-20,-0.006961114,-0.008392893
44,2008-05-21,-0.02284264,0.0036016570000000003
45,2008-05-22,-0.043784787,-0.009869012
46,2008-05-23,-0.01241754,-0.009713628
47,2008-05-27,0.031303209,0.020276737
48,2008-05-28,0.040386081000000004,0.029164872
49,2008-05-29,0.040649414,0.077067828
50,2008-05-30,0.013020528,-0.001132718
51,2008-06-02,-0.0033580359999999996,0.036773077
52,2008-06-03,0.017311491000000002,-0.039375031
53,2008-06-04,-0.023755138999999998,-0.032530905
54,2008-06-05,0.020589612,0.029455314
55,2008-06-06,-0.041150848,-0.034067122000000005
56,2008-06-09,-0.018051405,-0.014641801000000001
57,2008-06-10,-0.022279036000000002,-0.018359643999999998
58,2008-06-11,-0.032000996000000004,-0.023911903999999998
59,2008-06-12,0.023411371,0.01858816
60,2008-06-13,0.024761187,0.028340367
61,2008-06-16,0.021341837000000002,0.006872769
62,2008-06-17,0.016812778,-0.00767484
63,2008-06-18,-0.009566551999999999,0.003011567
64,2008-06-19,0.004889101,-0.0016718070000000002
65,2008-06-20,-0.008306633,-0.029357484
66,2008-06-23,-0.030034701,-0.005246364
67,2008-06-24,0.019738465,-0.007610046
68,2008-06-25,-0.00725865,0.033598495
69,2008-06-26,-0.036071167,-0.048517890999999994
70,2008-06-27,0.044247787999999996,-0.014543248
71,2008-06-30,-0.015617433,-0.022817643
72,2008-07-01,0.001229861,-0.008172567
73,2008-07-02,-0.024444171,-0.029846211
74,2008-07-03,-0.016998237,-0.006849583
75,2008-07-07,-0.031382093,-0.03010956
76,2008-07-08,0.04549061099999999,0.073750464
77,2008-07-09,-0.040349102000000005,-0.049195837
78,2008-07-10,0.018189008,0.007761194
79,2008-07-11,-0.034951456,0.016390245
80,2008-07-14,-0.026425217999999997,0.000582825
81,2008-07-15,-0.057316065,-0.02768932
82,2008-07-16,0.055685472,0.083196909
83,2008-07-17,0.039180396,0.054572233
84,2008-07-18,-0.022115641000000002,-0.017972063
85,2008-07-21,-0.020435967,-0.046143988
86,2008-07-22,0.029902643,0.022209855
87,2008-07-23,-0.010803511000000002,-0.010407193
88,2008-07-24,-0.043276450999999994,-0.046199225
89,2008-07-25,0.026826483999999998,0.019614592
90,2008-07-28,-0.019594219,-0.037374276
91,2008-07-29,0.076824947,0.033110012
92,2008-07-30,0.032644465,0.032926363
93,2008-07-31,-0.068706182,-0.09817906800000001
94,2008-08-01,-0.018204216000000002,-0.028179357999999998
95,2008-08-04,0.010734700000000002,-0.02676276
96,2008-08-05,0.015172413999999999,0.02680582
97,2008-08-06,-0.028804347999999997,-0.021551179
98,2008-08-07,-0.027700056,-0.030172413999999998
99,2008-08-08,0.044604317000000004,0.031688889
100,2008-08-11,0.030165288999999998,0.013009908
101,2008-08-12,-0.026607835,-0.017988476
102,2008-08-13,0.015521978,0.011172701
103,2008-08-14,0.025023671,0.010192719
104,2008-08-15,0.000131961,0.013015091999999999
105,2008-08-18,-0.0112152,-0.004352375
106,2008-08-19,-0.01601281,0.0027741999999999997
107,2008-08-20,0.011255763,0.019910298
108,2008-08-21,-0.002547942,-0.008466299
109,2008-08-22,-0.003898898,0.0015751060000000002
110,2008-08-25,-0.010392766,-0.030789603999999998
111,2008-08-26,0.000272777,0.01088813
112,2008-08-27,0.015134988,0.00092925
113,2008-08-28,0.016118200000000003,0.023251888
114,2008-08-29,0.003304693,0.000288684
115,2008-09-02,-0.01198946,-0.013811585
116,2008-09-03,-0.025870116000000002,-0.040008361
117,2008-09-04,-0.034907598,-0.05922571099999999
118,2008-09-05,0.01787234,0.025042817999999998
119,2008-09-08,-0.023132664,-0.009167269
120,2008-09-09,-0.037232525,-0.05792808
121,2008-09-10,0.022966365,0.032027141
122,2008-09-11,0.027665122,0.057566095
123,2008-09-12,0.009866103000000001,-0.007890071
124,2008-09-15,-0.031681786,-0.053837948
125,2008-09-16,-0.043672527999999995,0.014355197
126,2008-09-17,-0.034061794,-0.087565756
127,2008-09-18,0.043844594,0.06392857099999999
128,2008-09-19,0.039910314,0.079844579
129,2008-09-22,-0.063101912,-0.101252292
130,2008-09-23,0.026388462999999997,-0.021642455
131,2008-09-24,-0.018236173,-0.018434293
132,2008-09-25,-0.016443362,-0.020530022
133,2008-09-26,-0.039628483,-0.027789399
134,2008-09-29,-0.068343005,-0.092073319
135,2008-09-30,0.062110727000000004,0.055347259
136,2008-10-01,-0.001303144,-0.03377883
137,2008-10-02,-0.060675257,-0.06542547
138,2008-10-03,-0.013023093999999999,0.000437145
139,2008-10-06,-0.025686137,0.045006242
140,2008-10-07,-0.076381365,-0.052027955
141,2008-10-08,0.028934506000000002,0.030497732000000003
142,2008-10-09,-0.052821585,-0.047939284000000006
143,2008-10-10,0.043129388,-0.02562614
144,2008-10-13,0.132115385,0.144288436
145,2008-10-14,-0.021403092000000002,0.002707373
146,2008-10-15,-0.136434647,-0.117883661
147,2008-10-16,0.066733668,0.020384175
148,2008-10-17,-0.016016581999999998,0.000446834
149,2008-10-20,-0.0040214479999999995,-0.042169059
150,2008-10-21,-0.025187464,-0.0023977620000000003
151,2008-10-22,-0.043195265999999996,-0.059086727
152,2008-10-23,-0.003916718,-0.034981837
153,2008-10-24,-0.007036424,-0.039558824
154,2008-10-27,-0.028970403999999998,-0.032690247
155,2008-10-28,0.072547757,0.076454214
156,2008-10-29,0.014408645,-0.002058599
157,2008-10-30,0.070230815,0.031901569
158,2008-10-31,0.020276498,0.055404898
159,2008-11-03,-0.051671182999999996,-0.026586455
160,2008-11-04,0.139455134,0.18312606899999997
161,2008-11-05,-0.055843504,-0.08441029800000001
162,2008-11-06,-0.087480078,-0.080644127
163,2008-11-07,0.038230157,0.030914166
164,2008-11-10,-0.028224298999999998,-0.033033169
165,2008-11-11,0.034622043,-0.009450542
166,2008-11-12,-0.037925265,-0.035547703
167,2008-11-13,0.051980675999999996,0.077086612
168,2008-11-14,-0.0036737690000000003,-0.022518673
169,2008-11-17,-0.027286136000000002,-0.055261557
170,2008-11-18,0.035633055,0.041697212000000004
171,2008-11-19,-0.056002928,-0.083875536
172,2008-11-20,-0.066692516,-0.065230745
173,2008-11-21,-0.036560033,0.045007845
174,2008-11-24,0.072013799,0.038960012999999995
175,2008-11-25,-0.0038214,0.057731802
176,2008-11-26,0.049868765999999995,0.046742413
177,2008-11-28,0.010769231,-0.001786205
178,2008-12-01,-0.08580669699999999,-0.09848582199999999
179,2008-12-02,0.033922997,0.02274975
180,2008-12-03,0.055555556,0.029633499999999997
181,2008-12-04,-0.031083142999999997,-0.033855299
182,2008-12-05,0.046644360999999995,0.051399415
183,2008-12-08,0.056036104,0.051241793
184,2008-12-09,-0.046830484000000006,-0.027766395
185,2008-12-10,-0.0069120119999999995,0.012499056000000001
186,2008-12-11,-0.020127916000000003,-0.045793102999999995
187,2008-12-12,0.016509887,0.003252385
188,2008-12-15,-0.0037771479999999997,0.003457892
189,2008-12-16,0.038293838999999996,0.06324948400000001
190,2008-12-17,0.010772321000000001,0.003916137
191,2008-12-18,-0.011921965,0.000874428
192,2008-12-19,0.004936015,0.023721524
193,2008-12-22,-0.022193924,-0.046868846
194,2008-12-23,-0.001860465,-0.024655647000000003
195,2008-12-24,-0.01416589,0.0043073009999999995
196,2008-12-26,0.00680658,-0.009140195
197,2008-12-29,-0.02028169,-0.011282127
198,2008-12-30,-0.022618363,-0.0017941729999999998
199,2008-12-31,0.028633065,0.027607952
200,2009-01-02,0.018875119,0.047925630999999996
201,2009-01-05,0.007110778000000001,0.02323401
202,2009-01-06,0.070419918,0.05715784
203,2009-01-07,-0.021697622000000003,-0.06141211
204,2009-01-08,-0.010645848000000001,0.004668836
205,2009-01-09,-0.00251076,-0.01793435
206,2009-01-12,-0.04782452400000001,-0.01332978
207,2009-01-13,0.0033987920000000003,0.016211903
208,2009-01-14,-0.040835529,-0.034166445
209,2009-01-15,-0.03119482,-0.10323468699999999
210,2009-01-16,-0.039894694,-0.015963162
211,2009-01-20,-0.105252057,-0.07050382200000001
212,2009-01-21,0.041489862999999995,0.108407535
213,2009-01-22,0.0,-0.024602572000000003
214,2009-01-23,0.003168855,-0.026387347999999998
215,2009-01-26,-0.039034296,-0.018573137
216,2009-01-27,0.036628317,0.029564652
217,2009-01-28,0.069535674,0.054433575
218,2009-01-29,-0.020118594,-0.034191231
219,2009-01-30,0.066565809,0.051824309000000006
220,2009-02-02,0.012563323000000001,0.008837826
221,2009-02-03,-0.031618971,0.019856913
222,2009-02-04,0.015292416000000001,0.003221117
223,2009-02-05,0.093832689,0.14049241099999998
224,2009-02-06,0.031075548999999997,0.016641641999999998
225,2009-02-09,-0.0016242560000000001,-0.0029538459999999996
226,2009-02-10,-0.026572667999999997,-0.024996914
227,2009-02-11,0.020612813,0.038045197999999995
228,2009-02-12,0.026200873,-0.013294304
229,2009-02-13,-0.007978723,0.000617985
230,2009-02-17,-0.030384272,-0.042062943
231,2009-02-18,0.035023041,0.025469018
232,2009-02-19,-0.009260908,-0.02823183
233,2009-02-20,0.000539277,0.022387512000000002
234,2009-02-23,-0.025332375,-0.034364853
235,2009-02-24,0.038709677000000005,0.056953729
236,2009-02-25,-0.016503993,0.008061078000000001
237,2009-02-26,0.011548178000000001,-0.042258778
238,2009-02-27,0.01159472,0.014964676000000001
239,2009-03-02,-0.044965615,-0.046826552
240,2009-03-03,0.003692762,0.002522671
241,2009-03-04,0.017108168,-0.003509635
242,2009-03-05,-0.033821668,-0.023657629
243,2009-03-06,-0.060464246,-0.030492785
244,2009-03-09,-0.007770472,0.0
245,2009-03-10,0.061646585999999996,0.042403819
246,2009-03-11,-0.028371477000000003,-0.004310345
247,2009-03-12,0.052949192,0.062432427
248,2009-03-13,-0.03771492,0.007894505
249,2009-03-16,0.002305476,-0.029183248
250,2009-03-17,0.059804485,0.056542391
251,2009-03-18,0.018448182,-0.016196576
252,2009-03-19,-0.06428698299999999,-0.035367699999999995
253,2009-03-20,-0.0030366290000000003,0.009279623
254,2009-03-23,0.05730059,0.04732206
255,2009-03-24,-0.03492978,-6.14e-05
256,2009-03-25,-0.015858208999999998,0.010130156999999999
257,2009-03-26,0.052132701,0.032516866
258,2009-03-27,-0.022522523,-0.014186485
259,2009-03-30,-0.013824885,-0.026392787
260,2009-03-31,0.039252336,0.02716958
261,2009-04-01,-0.023561151000000002,-0.04418438
262,2009-04-02,0.023945478,0.034857571000000004
263,2009-04-03,0.080769923,0.05064590099999999
264,2009-04-06,-0.01581225,-0.014478598
265,2009-04-07,-0.03348554,-0.033638489
266,2009-04-08,0.011723535,0.009471586
267,2009-04-09,0.016776202,0.030658041
268,2009-04-13,0.039462494,0.020874346000000002
269,2009-04-14,-0.045491736,-0.056571567
270,2009-04-15,0.013372193000000001,-0.0038531
271,2009-04-16,-0.017594316000000002,-0.022724585
272,2009-04-17,-0.001205442,0.008410637
273,2009-04-20,-0.051724137999999996,-0.068747639
274,2009-04-21,0.066,0.082449715
275,2009-04-22,-0.019102848000000002,-0.021901807000000002
276,2009-04-23,0.012519562,0.027865895
277,2009-04-24,0.036922549,0.047443268
278,2009-04-27,-0.025008281,-0.043561153
279,2009-04-28,0.031255307999999996,0.012020477
280,2009-04-29,0.046120903,0.063686407
281,2009-04-30,0.02283105,0.029403455
282,2009-05-01,0.000769704,-0.057508912999999995
283,2009-05-04,0.049069374000000006,0.03522279
284,2009-05-05,-0.011876833,0.02469406
285,2009-05-06,-0.017806796,0.000108991
286,2009-05-07,-0.009971295,-0.014446873999999998
287,2009-05-08,0.04425454,0.023785817
288,2009-05-11,-0.036533684,-0.022152582999999997
289,2009-05-12,-0.010768996999999999,-0.015360813000000001
290,2009-05-13,-0.01149954,-0.041750898
291,2009-05-14,0.000775555,0.015167605
292,2009-05-15,0.008524489,-0.001269166
293,2009-05-18,0.020593207,0.001559464
294,2009-05-19,-0.024243337,-0.038465919
295,2009-05-20,0.0024691360000000002,0.017393391
296,2009-05-21,0.020320196999999998,0.012144078
297,2009-05-22,-0.007996379,-0.019395422
298,2009-05-26,0.015513308,0.0014849129999999998
299,2009-05-27,-0.012730268000000001,-0.007294941
300,2009-05-28,0.008798544,0.028259051
301,2009-05-29,0.018195489,0.024519203
302,2009-06-01,-0.015507311000000001,-0.01474508
303,2009-06-02,0.002250225,-0.030737351
304,2009-06-03,0.021254303,-0.005226023
305,2009-06-04,0.018906639,0.005313116
306,2009-06-05,-0.003452244,-0.004275535
307,2009-06-08,0.007505774000000001,-0.010197936999999999
308,2009-06-09,-0.016762178,0.013315599
309,2009-06-10,0.009325368,0.032227496
310,2009-06-11,-0.036812473,-0.021025402000000002
311,2009-06-12,-0.035371703,-0.017005001000000002
312,2009-06-15,0.001087632,-0.003531665
313,2009-06-16,-0.030575819,-0.017480627
314,2009-06-17,-0.017771374,0.0042797140000000004
315,2009-06-18,0.000977995,-0.005296421
316,2009-06-19,-0.00065136,-0.012485403
317,2009-06-22,-0.002118299,-0.028323581
318,2009-06-23,0.023350751,0.021367521
319,2009-06-24,-0.025211425,0.005807781
320,2009-06-25,0.01407759,0.019992549
321,2009-06-26,0.030185634,0.028183589
322,2009-06-29,-0.013162018000000001,-0.004499497
323,2009-06-30,-0.011432201000000001,-0.0049954809999999995
324,2009-07-01,-0.023450047999999998,-0.008786086
325,2009-07-02,-0.011842105,0.00265316
326,2009-07-06,0.00982024,0.003187395
327,2009-07-07,-0.015823306000000002,-0.034830046
328,2009-07-08,-0.003684475,-0.001863354
329,2009-07-09,0.01596907,0.013067828
330,2009-07-10,-0.009596294,-0.013759213999999999
331,2009-07-13,0.008185767,0.030891877999999998
332,2009-07-14,-0.0009942,0.002476982
333,2009-07-15,0.039144137,0.03881161
334,2009-07-16,0.028092577999999997,0.034228694
335,2009-07-17,-0.004812917,0.008806866
336,2009-07-20,0.047113885,0.008785587
337,2009-07-21,0.000446961,-0.0026457940000000004
338,2009-07-22,-0.00446761,0.002984415
339,2009-07-23,0.0050860129999999995,0.024189992999999996
340,2009-07-24,0.001488317,-0.0021520420000000003
341,2009-07-27,0.013374944,0.01973365
342,2009-07-28,-0.027716674,-0.011579337
343,2009-07-29,0.007239819000000001,0.008612389
344,2009-07-30,0.0064390540000000005,0.029488199
345,2009-07-31,-0.026037792,-0.000412137
346,2009-08-03,0.055759242,0.034169974
347,2009-08-04,-0.000144697,0.012159922
348,2009-08-05,-0.010419682,-0.000590891
349,2009-08-06,0.003948523,-0.007389891
350,2009-08-07,0.007574654,0.014194957
351,2009-08-10,-0.004192569,-0.009787609000000001
352,2009-08-11,-0.003919861,0.0017297620000000001
353,2009-08-12,-0.002332022,0.008041887
354,2009-08-13,0.003360117,-0.0017130479999999998
355,2009-08-14,-0.012813046000000002,-0.006667647
356,2009-08-17,-0.02020649,-0.032920389
357,2009-08-18,0.008730995,0.011381035
358,2009-08-19,0.002835398,-0.00439017
359,2009-08-20,0.009077380999999999,0.028991384
360,2009-08-21,0.017549033999999998,0.020835386
361,2009-08-24,-0.015217391,-0.014571773
362,2009-08-25,0.015158205,0.02301322
363,2009-08-26,0.017686286000000002,-0.010721247
364,2009-08-27,-0.006980057,-0.000435386
365,2009-08-28,0.011332664,-0.014666021000000001
366,2009-08-31,0.008510638000000001,-0.004617625
367,2009-09-01,-0.012939522,-0.009672803
368,2009-09-02,-0.001139926,-0.001096327
369,2009-09-03,0.011554921999999999,0.014716837
370,2009-09-04,-0.007756311,0.013028565
371,2009-09-08,0.008385446,0.006794466999999999
372,2009-09-09,-0.006624383,0.013786455
373,2009-09-10,0.025964813,0.00613385
374,2009-09-11,-0.000276587,-0.013185302
375,2009-09-14,0.00802324,-0.003926967
376,2009-09-15,0.004528613,0.029039807999999997
377,2009-09-16,0.01215847,0.026771901
378,2009-09-17,-0.0036442159999999996,0.00200223
379,2009-09-18,-0.000406394,0.015304314
380,2009-09-21,-0.0054207890000000005,-0.004249273
381,2009-09-22,0.013898351000000001,0.00880424
382,2009-09-23,-0.006585136,-0.023109805
383,2009-09-24,-0.005275974,-0.020283513
384,2009-09-25,-0.039031687999999995,-0.047641202
385,2009-09-28,0.006793094,0.016805081
386,2009-09-29,-0.022069158999999998,-0.0067261940000000004
387,2009-09-30,-0.006612045,-0.022201895
388,2009-10-01,0.000144697,-0.013554243
389,2009-10-02,-0.019241898,0.0014041420000000002
390,2009-10-05,0.005458032,0.00420652
391,2009-10-06,0.001467136,0.001097093
392,2009-10-07,0.038089657,0.050560349000000004
393,2009-10-08,0.012277731000000002,0.00028459
394,2009-10-09,0.016868814,0.016401165
395,2009-10-12,0.010419523,0.007368716
396,2009-10-13,0.013161465,0.006296296
397,2009-10-14,0.001740994,0.009753404
398,2009-10-15,0.0037433159999999996,0.026790596
399,2009-10-16,-0.01052211,-0.006611644
400,2009-10-19,0.008884103,0.007727744
401,2009-10-20,0.0013342229999999998,-0.0026596190000000002
402,2009-10-21,0.001865423,0.002977778
403,2009-10-22,0.00664982,0.01599681
404,2009-10-23,-0.020742502,0.00296585
405,2009-10-26,-0.018078791,-0.040050485
406,2009-10-27,0.015388843000000001,-0.0009060019999999999
407,2009-10-28,0.036129905,-0.000226706
408,2009-10-29,0.009272561,0.033650794
409,2009-10-30,-0.019668737,-0.039048789
410,2009-11-02,0.020195354,0.016573783
411,2009-11-03,0.004657782,-0.015495128
412,2009-11-04,0.008499678,0.026368613
413,2009-11-05,0.016345294,0.023424304
414,2009-11-06,0.0010051510000000001,0.028881607000000004
415,2009-11-09,0.018702146,0.02233014
416,2009-11-10,-0.00073928,-0.014534044
417,2009-11-11,-0.003452528,-0.0032262540000000004
418,2009-11-12,-0.011135856999999999,-0.004245439
419,2009-11-13,0.001001001,-0.00916037
420,2009-11-16,-0.005625,-0.01670075
421,2009-11-17,0.01257071,0.000866551
422,2009-11-18,-0.001986344,-0.016103896
423,2009-11-19,-0.002612265,0.012363603999999999
424,2009-11-20,-0.002244949,0.004650354000000001
425,2009-11-23,0.0055,0.02175982
426,2009-11-24,0.002237693,0.006181422
427,2009-11-25,0.014512528,0.009215275
428,2009-11-27,-0.017850593,-0.017720147
429,2009-11-30,0.008340595,0.022369371000000002
430,2009-12-01,0.024320987999999998,0.008843353
431,2009-12-02,-0.009039412,-0.002345817
432,2009-12-03,-0.026635855,-0.025822952000000003
433,2009-12-04,0.002998875,0.021891938
434,2009-12-07,-0.004235704,-0.009903452
435,2009-12-08,0.000750657,-0.0013811
436,2009-12-09,0.02200275,0.018146767
437,2009-12-10,0.0069724769999999995,0.004857166
438,2009-12-11,-0.011904762,-0.000737342
439,2009-12-14,0.042168675,0.014511765
440,2009-12-15,0.016161378,-0.00779861
441,2009-12-16,0.010332018,0.0034615759999999996
442,2009-12-17,0.0,0.005478937
443,2009-12-18,0.022291164,0.028617557999999998
444,2009-12-21,-0.016410026,0.002040496
445,2009-12-22,-0.013826991,0.00101817
446,2009-12-23,-0.0017381229999999998,-0.001173578
447,2009-12-24,0.0016250729999999999,0.000391626
448,2009-12-28,0.005446749,0.006107626999999999
449,2009-12-29,0.014522822,0.00536999
450,2009-12-30,0.0013633270000000001,-0.001470739
451,2009-12-31,-0.007714999,-0.007752576999999999
452,2010-01-04,0.007774983,0.003359637
453,2010-01-05,-0.011459042,-0.00295908
454,2010-01-06,-0.013428211,-0.002030576
455,2010-01-07,0.009306654000000001,-0.006534669
456,2010-01-08,0.0027662520000000003,0.000354484
457,2010-01-11,-0.002873563,-0.016457989
458,2010-01-12,-0.004726225,-0.0005604480000000001
459,2010-01-13,0.009265694,0.025995314
460,2010-01-14,0.0034427359999999996,0.016904236
461,2010-01-15,-0.014867338,0.008330697
462,2010-01-19,0.019851405,0.00799547
463,2010-01-20,-0.004894707,-0.005136884
464,2010-01-21,-0.033973919,-0.018527658
465,2010-01-22,-0.020367081000000002,-0.025917797000000003
466,2010-01-25,-0.00846126,0.002541599
467,2010-01-26,-0.010727783000000001,-0.015210933000000001
468,2010-01-27,0.034011091,0.031052613
469,2010-01-28,-0.015016089,-0.026840363
470,2010-01-29,-0.007501511999999999,0.001803929
471,2010-02-01,0.019870778999999998,0.014085675
472,2010-02-02,0.004183600000000001,-0.0033935759999999997
473,2010-02-03,-0.005832639000000001,-0.019718087
474,2010-02-04,-0.005627395,-0.10287583800000001
475,2010-02-05,-0.00590006,-0.00616807
476,2010-02-08,0.005935078000000001,0.025640934
477,2010-02-09,0.002649007,-0.013029991999999999
478,2010-02-10,0.004443377,0.015439651
479,2010-02-11,0.017934003,0.009255223
480,2010-02-12,-0.00422833,-0.015371178999999999
481,2010-02-16,0.012974758000000001,-0.000798297
482,2010-02-17,0.006287844,-0.0020861070000000002
483,2010-02-18,0.006248554,-0.012587288
484,2010-02-19,-0.001724931,0.002837838
485,2010-02-22,0.001151941,0.007231775
486,2010-02-23,-0.009089863,-0.009900151
487,2010-02-24,-0.005689735,-0.001216107
488,2010-02-25,-0.00467126,-0.0011724460000000002
489,2010-02-26,0.000586648,0.013002798999999999
490,2010-03-01,0.018058161,0.037304497
491,2010-03-02,-0.004261691,-0.003995918
492,2010-03-03,0.004048583,0.001466675
493,2010-03-04,0.002764977,0.003661469
494,2010-03-05,0.016888787,0.028068627000000002
495,2010-03-08,0.023952096000000003,0.025340277999999997
496,2010-03-09,-0.00529626,0.0035422009999999996
497,2010-03-10,0.015196893999999999,0.012658268
498,2010-03-11,0.01333042,0.0023637420000000003
499,2010-03-12,0.005499245,-0.0008793319999999999
500,2010-03-15,-0.009008043,0.00044005300000000004
501,2010-03-16,-0.008224218,-0.0029590529999999997
502,2010-03-17,-0.00152755,-0.002767346
503,2010-03-18,-0.015080318999999998,-0.009450996
504,2010-03-19,-0.014312658999999998,-0.007876573000000001
505,2010-03-22,0.004502476,0.011131118
506,2010-03-23,0.008292246,-0.006030435
507,2010-03-24,-0.013669704,-0.003705403
508,2010-03-25,0.018704225,0.00576267
509,2010-03-26,-0.001769716,0.000609574
510,2010-03-29,-0.00011080299999999999,0.007188028000000001
511,2010-03-30,0.008421986,0.017741261
512,2010-03-31,0.00032967,0.006299275
513,2010-04-01,0.016697792,-0.00023622
514,2010-04-05,-0.0008643980000000001,0.006458218000000001
515,2010-04-06,-0.000757002,0.012403161000000001
516,2010-04-07,-0.018290043,-0.011942029
517,2010-04-08,0.008598831,0.004771963
518,2010-04-09,0.011258061000000001,0.007785736999999999
519,2010-04-12,0.007241676999999999,0.0026653659999999997
520,2010-04-13,-0.004292306,-0.00412224
521,2010-04-14,0.015842224,0.017911025
522,2010-04-15,0.002015701,-0.001900201
523,2010-04-16,-0.006352567,-0.011917907
524,2010-04-19,-0.00777837,-0.008477881
525,2010-04-20,0.009987113,0.01589592
526,2010-04-21,-0.009782031,-0.0030605990000000002
527,2010-04-22,0.021582734,0.003875859
528,2010-04-23,0.015240698,0.021483141
529,2010-04-26,-0.006108293000000001,-0.005388818
530,2010-04-27,-0.031770833,-0.0411242
531,2010-04-28,0.007100591999999999,-0.007259211
532,2010-04-29,-0.008439269000000001,0.009407115
533,2010-04-30,-0.027903469,-0.028741522000000002
534,2010-05-03,-0.010639477,0.010885421999999999
535,2010-05-04,-0.010081774,0.002033939
536,2010-05-05,-0.021953152000000004,-0.052975124000000005
537,2010-05-06,-0.040610899,-0.032108935
538,2010-05-07,-0.007597685,-0.031306991
539,2010-05-10,0.044962935999999995,0.03236362
540,2010-05-11,-0.021281544,-0.030697712000000002
541,2010-05-12,0.018060837,0.042017513
542,2010-05-13,0.000583567,-0.001332646
543,2010-05-14,-0.09879855400000001,-0.08548921699999999
544,2010-05-17,-0.033005436,-0.007719463
545,2010-05-18,-0.061839110999999995,-0.037948864
546,2010-05-19,0.041090027,-0.00177506
547,2010-05-20,-0.0020556389999999997,0.015065448
548,2010-05-21,0.018950838,0.040632652000000005
549,2010-05-24,0.004716980999999999,-0.018751507
550,2010-05-25,-0.02119383,-0.014153641000000002
551,2010-05-26,0.005892833,-0.009039493000000001
552,2010-05-27,0.0039509540000000004,0.013658537
553,2010-05-28,-0.016691546,-0.029018287
554,2010-06-01,-0.013386696000000002,-0.006839471
555,2010-06-02,-0.0033571129999999997,0.003143869
556,2010-06-03,0.022315789,0.004875137
557,2010-06-04,-0.009747391999999999,-0.026386139
558,2010-06-07,-0.003327326,0.017287893000000002
559,2010-06-08,0.020308805,-0.012645673
560,2010-06-09,0.0061349690000000005,-0.010529412
561,2010-06-10,0.049457995,0.049421823
562,2010-06-11,-0.017688831999999998,-0.001170047
563,2010-06-14,-0.030231335,-0.003465443
564,2010-06-15,0.042694497000000005,0.026448597
565,2010-06-16,0.0031197190000000004,0.005010211
566,2010-06-17,0.013865492,0.016047858999999998
567,2010-06-18,-0.015337423000000001,0.0012149069999999999
568,2010-06-21,0.050103842,0.042378467
569,2010-06-22,-0.02645241,-0.010745948
570,2010-06-23,-0.0126968,-0.0049334209999999995
571,2010-06-24,-0.016460905,-0.022560881
572,2010-06-25,0.002353556,0.016287403
573,2010-06-28,-0.018784242,-0.031457484
574,2010-06-29,-0.050119649,-0.040327109
575,2010-06-30,-0.009797061,-0.017045223
576,2010-07-01,0.029823322000000003,0.015887335
577,2010-07-02,0.004391985,0.00034533800000000005
578,2010-07-06,-0.012435092,-0.013512847
579,2010-07-07,0.03528435,0.037694396
580,2010-07-08,0.003475007,0.01011702
581,2010-07-09,0.03063399,0.027900987000000002
582,2010-07-12,-0.011243215,-0.00858389
583,2010-07-13,0.001045615,0.00449291
584,2010-07-14,-0.004047526,-0.006802404000000001
585,2010-07-15,-0.013109596000000001,-0.006379885
586,2010-07-16,-0.050876727000000004,-0.068882489
587,2010-07-19,-0.0032190340000000004,-0.007047967
588,2010-07-20,0.033417578999999996,0.04835827
589,2010-07-21,-0.016847826,-0.018509498
590,2010-07-22,0.029021559,0.034243127000000005
591,2010-07-23,0.015175933,0.021785078
592,2010-07-26,0.006482339,-0.0005165769999999999
593,2010-07-27,0.006966351,0.00657802
594,2010-07-28,-0.01866597,-0.019325025
595,2010-07-29,-0.042564512,-0.008186967
596,2010-07-30,0.019033065,0.008014541
597,2010-08-02,-0.015269257,-0.035802658
598,2010-08-03,0.01066039,-0.007949831999999999
599,2010-08-04,-0.007534246999999999,0.02185058
600,2010-08-05,-0.013112491,-0.017876279
601,2010-08-06,0.008951049,0.028715965
602,2010-08-09,0.036041031,0.036013885
603,2010-08-10,0.00709125,0.00679422
604,2010-08-11,-0.02338249,-0.030922162000000003
605,2010-08-12,-0.007209903,0.010350091
606,2010-08-13,-0.010413812,-0.0056177119999999995
607,2010-08-16,0.008446414000000001,-0.0009494869999999999
608,2010-08-17,0.0072772209999999995,0.017059493999999998
609,2010-08-18,-0.006543075,-0.005466523
610,2010-08-19,-0.017151482,-0.018650756
611,2010-08-20,-0.021359765,-0.012063766
612,2010-08-23,0.000285307,-0.005717885
613,2010-08-24,0.007701084,-0.013061113999999999
614,2010-08-25,0.002830456,0.01777695
615,2010-08-26,-0.013406717,-0.014264228
616,2010-08-27,0.017164926,0.016980853
617,2010-08-30,-0.02207847,-0.018972026
618,2010-08-31,-0.008052919,-0.021410952
619,2010-09-01,0.022470281,0.013712442
620,2010-09-02,0.020558628,0.018151979
621,2010-09-03,0.007224229,0.010990085
622,2010-09-07,-0.013793103000000001,-0.031210745
623,2010-09-08,-0.041258741,-0.030520696
624,2010-09-09,-0.025820568999999998,-0.012448508999999998
625,2010-09-10,0.019616652,0.032086676
626,2010-09-13,-0.03833162,-0.025789846
627,2010-09-14,0.025045816000000002,0.034813241
628,2010-09-15,0.026966627000000003,0.05221521900000001
629,2010-09-16,-0.007979109,0.000523361
630,2010-09-17,0.0016086579999999998,0.01607309
631,2010-09-20,0.026573222,0.023587822
632,2010-09-21,-0.005262409,-0.007864295
633,2010-09-22,0.009722619,0.009401308
634,2010-09-23,0.005097706,0.0018261879999999999
635,2010-09-24,0.019582981,0.009752631999999999
636,2010-09-27,0.008705265,0.003610552
637,2010-09-28,0.00369863,0.0028331159999999997
638,2010-09-29,0.015558892,-0.0016591929999999998
639,2010-09-30,-0.0020158579999999997,0.006153708000000001
640,2010-10-01,-0.012658228,0.003482143
641,2010-10-04,-0.001091107,-0.00952042
642,2010-10-05,0.023894047,0.014642427
643,2010-10-06,-0.010134685,-0.011509473999999999
644,2010-10-07,-0.008352418,-0.010927003999999999
645,2010-10-08,0.0052981930000000005,0.007833016
646,2010-10-11,0.003918919,0.001212992
647,2010-10-12,-0.00053843,-0.003275599
648,2010-10-13,0.036228956,0.039436366
649,2010-10-14,0.0029893420000000003,0.007665988
650,2010-10-15,0.005572114,0.0044700420000000005
651,2010-10-18,0.009793814,0.007488233
652,2010-10-19,-0.010336907,0.0067954980000000005
653,2010-10-20,0.025402966000000003,0.014638261999999999
654,2010-10-21,-0.004024145,0.011100948000000001
655,2010-10-22,0.001136364,-0.002261606
656,2010-10-25,0.016899986999999998,0.010344502
657,2010-10-26,-0.0074413990000000005,-0.00664895
658,2010-10-27,-0.001374485,0.009198382
659,2010-10-28,-0.043418418,-0.025390585
660,2010-10-29,0.02236756,0.002254509
661,2010-11-01,-0.010747185,-0.0044571770000000005
662,2010-11-02,0.014226591,0.029248042999999998
663,2010-11-03,0.007396071999999999,0.023782421
664,2010-11-04,0.012531646,0.012151054
665,2010-11-05,-0.002375297,0.005492605
666,2010-11-08,-0.013659148000000001,-0.013773536999999999
667,2010-11-09,-0.004954898,-0.0049058
668,2010-11-10,0.012385087,0.008150485
669,2010-11-11,-0.000882835,-0.005915526
670,2010-11-12,-0.028780611,-0.035307691
671,2010-11-15,-0.007538342,-0.000987005
672,2010-11-16,-0.017941331,-0.040628948
673,2010-11-17,0.009867981999999999,0.0064790609999999995
674,2010-11-18,0.015977816000000002,0.033763907
675,2010-11-19,0.001429685,0.005732154000000001
676,2010-11-22,-0.020635951,-0.0019271770000000002
677,2010-11-23,-0.010734164,-0.031880408
678,2010-11-24,0.015673141,0.009081265
679,2010-11-26,-0.004484305,-0.011102233999999999
680,2010-11-29,-0.01709062,0.0017436110000000002
681,2010-11-30,-0.004582828,0.006240448000000001
682,2010-12-01,0.018551117,0.047082648
683,2010-12-02,0.023663919,0.004029171
684,2010-12-03,0.004545455,-0.00044143
685,2010-12-06,0.012411118,0.016380278999999998
686,2010-12-07,-0.018260758999999998,-0.025201453999999998
687,2010-12-08,0.013787721000000001,0.015641462
688,2010-12-09,0.015139851000000001,0.002314076
689,2010-12-10,0.013650151999999999,0.014091195
690,2010-12-13,0.008603491,0.018017036
691,2010-12-14,-0.003090617,-0.020165837
692,2010-12-15,-0.045882937,-0.019282228999999998
693,2010-12-16,-0.126722121,-0.103242075
694,2010-12-17,-0.004316118,-0.009978164
695,2010-12-20,0.016292975,0.010304619000000001
696,2010-12-21,0.000882483,-0.016820212
697,2010-12-22,0.007347539,-0.010829056
698,2010-12-23,0.002625821,0.004139881
699,2010-12-27,0.030263349,0.029088365
700,2010-12-28,-0.001129784,-0.0005786330000000001
701,2010-12-29,-0.001837975,0.004186754
702,2010-12-30,-0.004390935,-0.007717599
703,2010-12-31,0.00128041,0.00174325
704,2011-01-03,0.001989201,-0.014546383000000001
705,2011-01-04,0.00113443,0.012904641000000001
706,2011-01-05,0.021104816000000002,0.029459052000000003
707,2011-01-06,0.014981273,0.003604195
708,2011-01-07,-0.002870029,-0.000129803
709,2011-01-10,-0.015762061,-0.003851313
710,2011-01-11,0.000974795,-0.003475282
711,2011-01-12,0.010155815,0.014952093
712,2011-01-13,-0.020245145,0.002920543
713,2011-01-14,-0.00028113599999999997,0.014560448
714,2011-01-18,0.001265467,0.0030391290000000002
715,2011-01-19,-0.02934981,-0.009552666
716,2011-01-20,0.02271412,-0.001104648
717,2011-01-21,-0.007638987,-0.006678051999999999
718,2011-01-24,0.023378475,0.023423115
719,2011-01-25,-0.002925198,0.010627573000000001
720,2011-01-26,-0.008102821999999999,-0.005630538
721,2011-01-27,-0.005633803000000001,-0.0044549509999999995
722,2011-01-28,-0.016147309,-0.017732424
723,2011-01-31,0.005614742,0.006982544
724,2011-02-01,0.012168933,0.006934168
725,2011-02-02,0.019660537,0.005206845
726,2011-02-03,-0.006380913,0.025063704
727,2011-02-04,0.017730001000000002,0.00753906
728,2011-02-07,0.014128944,0.011082308
729,2011-02-08,0.008656838,-0.0014801179999999999
730,2011-02-09,-0.017299182,-0.004446937
731,2011-02-10,0.019923581,0.014607646
732,2011-02-11,0.002542146,0.005394082
733,2011-02-14,0.010810088999999998,0.005799045
734,2011-02-15,-0.0017163979999999998,0.004471289
735,2011-02-16,0.004629017,-0.006716165
736,2011-02-17,0.0023696679999999997,-0.010063645
737,2011-02-18,-0.004071447,-0.004288778
738,2011-02-22,-0.027561651,-0.013400374
739,2011-02-23,-0.011662598,-0.013178107
740,2011-02-24,0.014132821,0.00024574
741,2011-02-25,0.010418076,0.010361291
742,2011-02-28,-0.02182646,-0.024928093
743,2011-03-01,-0.004791239,-0.000831393
744,2011-03-02,0.017469051,0.024213638
745,2011-03-03,0.025145328999999998,0.022219515
746,2011-03-04,-0.015033628,-0.007550129
747,2011-03-07,-0.007229884000000001,-0.00992993
748,2011-03-08,0.000269724,0.006996401
749,2011-03-09,-0.006201968,-0.004096386
750,2011-03-10,-0.031339031,-0.017824018
751,2011-03-11,0.015546218,0.019954015
752,2011-03-14,-0.008964281,0.001690685
753,2011-03-15,-0.009184525,-0.016838169
754,2011-03-16,-0.003370787,-0.001430574
755,2011-03-17,0.00662345,-0.002210438
756,2011-03-18,-0.000139997,-0.008532984
757,2011-03-21,0.0075609069999999995,0.025984857000000004
758,2011-03-22,-0.005002779000000001,-0.004839571
759,2011-03-23,0.005446927,0.00040529300000000004
760,2011-03-24,0.009306848000000001,0.022077291000000002
761,2011-03-25,-0.007844756,-0.018271173999999998
762,2011-03-28,0.009155223,0.018853452
763,2011-03-29,-0.007560137,-0.0026151679999999997
764,2011-03-30,0.028116343,0.00774697
765,2011-03-31,-0.008217702,-0.007648033
766,2011-04-01,0.008149959,0.007269983000000001
767,2011-04-04,0.013742926,0.030368764
768,2011-04-05,0.005050505,0.0064305840000000005
769,2011-04-06,0.0050251259999999996,0.009698475
770,2011-04-07,0.005394736999999999,-0.001167696
771,2011-04-08,0.004057061,-0.007957197
772,2011-04-11,0.012904067,0.013494981999999999
773,2011-04-12,-0.008750483,-0.01369041
774,2011-04-13,0.0061015190000000006,0.025859523
775,2011-04-14,-0.015354838999999999,-0.003299266
776,2011-04-15,0.0020967110000000002,-0.004797895
777,2011-04-18,-0.010330849,-0.009455116999999999
778,2011-04-19,0.0031712470000000003,0.007583513
779,2011-04-20,0.019099052,0.011083613999999999
780,2011-04-21,0.005169963,0.012073216999999999
781,2011-04-25,-0.000128584,-0.00676965
782,2011-04-26,0.012988683,0.018163063
783,2011-04-27,0.0015234229999999999,-0.003618469
784,2011-04-28,-0.01559133,-0.00239679
785,2011-04-29,0.005923255,0.004331998
786,2011-05-02,0.013056836,-0.00217478
787,2011-05-03,0.010866818,0.025754621000000002
788,2011-05-04,-0.002875,3.54e-05
789,2011-05-05,-0.013413564,-0.027940117
790,2011-05-06,0.009021601,-0.0009107469999999999
791,2011-05-09,0.005666793000000001,0.016481276
792,2011-05-10,0.006135738000000001,0.008358217
793,2011-05-11,-0.012570006000000002,-0.01056567
794,2011-05-12,0.00743635,0.014273936999999999
795,2011-05-13,-0.00025021900000000004,-0.007444204
796,2011-05-16,0.000375422,-0.00303575
797,2011-05-17,0.008256191999999999,0.01038868
798,2011-05-18,-0.007320099,-0.002481759
799,2011-05-19,-0.004624422,0.009632095
800,2011-05-20,-0.017704671,-0.022847251000000002
801,2011-05-23,-0.016745494,-0.020211188999999997
802,2011-05-24,0.008840354,-0.006875975
803,2011-05-25,0.014819588,0.016253878
804,2011-05-26,0.0068571430000000004,0.027761585
805,2011-05-27,0.006432085,0.011130733
806,2011-05-31,0.015789473999999998,0.006345534
807,2011-06-01,-0.023192697,-0.022260896000000002
808,2011-06-02,0.019196767,0.0074467330000000005
809,2011-06-03,-0.019454771000000003,-0.020123784
810,2011-06-06,-0.011752812,-0.018551902
811,2011-06-07,0.020716113,0.008384819
812,2011-06-08,-0.038962666,-0.015317323
813,2011-06-09,-0.0036501109999999997,0.006296333
814,2011-06-10,-0.02276593,-0.017188111000000002
815,2011-06-13,0.002276074,0.0014605479999999999
816,2011-06-14,0.014293348,0.025054182999999997
817,2011-06-15,-0.014355327,-0.013315336
818,2011-06-16,0.0005344740000000001,-0.014012682
819,2011-06-17,-0.006009615,-0.0022123520000000003
820,2011-06-20,-0.005105468,0.014506408
821,2011-06-21,0.012694126000000002,0.015113871999999999
822,2011-06-22,-0.004400587,-0.010546254
823,2011-06-23,0.008706134,0.007339345
824,2011-06-24,-0.025760191,0.003917585
825,2011-06-27,0.007087365,-0.005835157
826,2011-06-28,0.018811747,0.020652971000000003
827,2011-06-29,0.14997343300000002,0.11310785599999999
828,2011-06-30,-0.026683609,-0.026993896
829,2011-07-01,0.044030382,0.043572045
830,2011-07-05,0.003978629,0.004738099
831,2011-07-06,-0.0013586960000000002,-0.009684771
832,2011-07-07,0.022108844,0.019558965
833,2011-07-08,-0.004658902,-0.011691995
834,2011-07-11,-0.020394517,-0.024834342000000002
835,2011-07-12,-0.0022753129999999997,-0.011546185
836,2011-07-13,0.011858608999999999,0.00651512
837,2011-07-14,-0.009015100000000002,-0.000686587
838,2011-07-15,0.009210826,0.006117509
839,2011-07-18,-0.0076619719999999995,0.0
840,2011-07-19,0.012944249,0.01248584
841,2011-07-20,-0.006389418000000001,-0.010019653
842,2011-07-21,-0.0066561369999999995,0.007298796999999999
843,2011-07-22,0.01669506,0.011657929
844,2011-07-25,-0.004915103,0.00703508
845,2011-07-26,0.001347104,-0.01134819
846,2011-07-27,-0.016255605,-0.030918307000000003
847,2011-07-28,-0.009458689000000001,0.012570491000000001
848,2011-07-29,-0.015876668,-0.011893093
849,2011-08-01,0.001636661,0.00286892
850,2011-08-02,-0.024743231,-0.018512462
851,2011-08-03,0.046912398,0.13394087400000002
852,2011-08-04,-0.028463649,-0.046887435
853,2011-08-05,-0.018590422,0.012213267
854,2011-08-08,-0.049994005999999994,-0.105898263
855,2011-08-09,0.044422009000000005,0.10566519699999999
856,2011-08-10,-0.042049299000000005,-0.059167963
857,2011-08-11,0.06609485400000001,0.077969184
858,2011-08-12,-0.008163748,0.002077033
859,2011-08-15,0.024334964,0.02112351
860,2011-08-16,-0.00046582,0.0
861,2011-08-17,-0.021437726,-0.026208955
862,2011-08-18,-0.044052863,-0.065324014
863,2011-08-19,-0.008593847,-0.015578367
864,2011-08-22,0.002386935,0.01945629
865,2011-08-23,0.049880937,0.053562124
866,2011-08-24,0.031156739,0.008716151
867,2011-08-25,-0.026279231,-0.007195633000000001
868,2011-08-26,0.020687195,0.007650375
869,2011-08-29,0.008503203,0.006270586999999999
870,2011-08-30,0.015592516,0.007208999000000001
871,2011-08-31,-0.000568634,-6.07e-05
872,2011-09-01,-0.0017068729999999998,0.0010615689999999998
873,2011-09-02,-0.024848968,-0.028419106
874,2011-09-06,0.003623612,0.007234658000000001
875,2011-09-07,0.030514792000000002,0.049845232
876,2011-09-08,-0.011528028999999999,-0.0035093190000000003
877,2011-09-09,-0.012691516000000002,-0.047024385
878,2011-09-12,0.012738853999999999,6.22e-05
879,2011-09-13,0.0036592340000000004,0.021177431
880,2011-09-14,0.02062208,0.025451622
881,2011-09-15,0.01027015,0.03175871
882,2011-09-16,0.0038674029999999997,-0.0028452890000000004
883,2011-09-19,-0.009025867,0.002968727
884,2011-09-20,0.031211818,0.016667595
885,2011-09-21,-0.015295131000000002,-0.036208943
886,2011-09-22,-0.0341282,-0.029357451
887,2011-09-23,0.02015855,0.018340616
888,2011-09-26,0.002220249,-0.007803489
889,2011-09-27,-0.00886132,0.011094498000000001
890,2011-09-28,-0.020675011,-0.024518589
891,2011-09-29,0.000684697,-0.0043963679999999995
892,2011-09-30,-0.022465502999999998,-0.03413832
893,2011-10-03,-0.017032198000000002,-0.019800731000000002
894,2011-10-04,0.006171374,-0.010357694
895,2011-10-05,0.002476999,0.018429403
896,2011-10-06,0.025179432999999998,0.009351227
897,2011-10-07,-0.010099851,-0.015177448
898,2011-10-10,0.034782609,0.046073366
899,2011-10-11,0.014117646999999999,0.011356343
900,2011-10-12,0.007292012,-0.0046129709999999996
901,2011-10-13,0.015684984,0.024390988
902,2011-10-14,0.01425486,0.016637400000000004
903,2011-10-17,-0.029067291000000002,-0.018912086
904,2011-10-18,0.029827832000000002,0.014233737
905,2011-10-19,-0.040783729,-0.04742716599999999
906,2011-10-20,0.014098578999999998,0.00589925
907,2011-10-21,0.022769567999999997,0.02370425
908,2011-10-24,0.008348496,0.021865658
909,2011-10-25,-0.037469483,-0.038686166
910,2011-10-26,0.014777239,0.004732649
911,2011-10-27,0.025863942999999997,0.061052665
912,2011-10-28,0.0074152540000000005,0.015552055
913,2011-10-31,-0.019348055,-0.020700548
914,2011-11-01,-0.034634356,-0.037265293
915,2011-11-02,0.016327891,0.069877388
916,2011-11-03,0.018360656,0.024967847
917,2011-11-04,-0.005795235,-0.01773098
918,2011-11-07,0.003454231,0.016162626
919,2011-11-08,0.016996558000000002,0.005903118000000001
920,2011-11-09,-0.014914321999999999,-0.028880402000000003
921,2011-11-10,-0.000966391,0.007469757
922,2011-11-11,0.022785899,0.027880371
923,2011-11-14,-0.014081547,-0.00778063
924,2011-11-15,0.019292262,0.011054538000000001
925,2011-11-16,-0.023319042,-0.027818895
926,2011-11-17,-0.021413276000000002,-0.004459806
927,2011-11-18,-0.006455142,0.002865967
928,2011-11-21,0.004404801,-0.023916597
929,2011-11-22,-0.004056573,0.007816942
930,2011-11-23,-0.017062968,-0.021153576
931,2011-11-25,-0.003023855,-0.002449157
932,2011-11-28,0.049988767,0.037694944
933,2011-11-29,-0.006098213000000001,-0.0043702440000000006
934,2011-11-30,0.043810549000000004,0.047165065
935,2011-12-01,0.00814685,0.01711387
936,2011-12-02,-0.005728314,-0.006772338
937,2011-12-05,-0.011728395,-0.014641366000000001
938,2011-12-06,-0.0071830109999999996,-0.004130485
939,2011-12-07,0.017825312,0.008214436
940,2011-12-08,-0.013083342,-0.013463363
941,2011-12-09,0.014509395,0.021959898
942,2011-12-12,-0.0027780640000000002,-0.016268374
943,2011-12-13,-0.010420966,-0.006302521
944,2011-12-14,0.004691899,-0.021195857999999998
945,2011-12-15,-0.005603985,-0.005289128000000001
946,2011-12-16,0.0169067,0.008212494
947,2011-12-19,0.011699507,-0.009443368
948,2011-12-20,0.028099006,0.042286922000000005
949,2011-12-21,-0.006216083000000001,0.0007220719999999999
950,2011-12-22,-0.0017871329999999998,-0.007830429
951,2011-12-23,0.019295803,0.018585832
952,2011-12-27,-0.005562061,-0.008991115
953,2011-12-28,-0.01167697,-0.002588392
954,2011-12-29,0.024126291,0.012012387
955,2011-12-30,-0.015705284,-0.014407646000000001
956,2012-01-03,0.014379986,-0.011936081000000001
957,2012-01-04,-0.017865812,-0.032901702000000005
958,2012-01-05,0.007513594,-0.010778946999999999
959,2012-01-06,-0.011775096,-0.026928833
960,2012-01-09,-0.008042895,0.008456783
961,2012-01-10,-0.001001001,0.008703892
962,2012-01-11,-0.006913828,-0.021099075
963,2012-01-12,0.022500252000000002,0.005359153
964,2012-01-13,-0.0059206630000000005,-0.012292456
965,2012-01-17,0.017768513,0.020319719
966,2012-01-18,0.012191553999999999,0.018527618
967,2012-01-19,-0.013586433,0.0014756510000000001
968,2012-01-20,-0.017485591,-0.034684018999999996
969,2012-01-23,-0.009743488,-0.004696765
970,2012-01-24,0.014156627,0.010676547
971,2012-01-25,-0.004455004,0.017771683
972,2012-01-26,0.002983294,-0.0026951859999999996
973,2012-01-27,0.001883799,0.002760027
974,2012-01-30,-0.011578426999999999,0.009117205
975,2012-01-31,0.007609131,0.010228173
976,2012-02-01,0.018581081,0.005765362
977,2012-02-02,0.034630768,0.066970555
978,2012-02-03,0.009145766999999999,0.022931572
979,2012-02-06,0.003083248,0.002536355
980,2012-02-07,-0.003539493,0.00408883
981,2012-02-08,0.012806132,0.005090224
982,2012-02-09,0.037563452000000004,0.003772986
983,2012-02-10,0.013164917,-0.0006558530000000001
984,2012-02-13,-0.010447761,0.001287373
985,2012-02-14,0.022446987999999998,-0.0027732259999999997
986,2012-02-15,-0.001214856,-0.006547845
987,2012-02-16,-0.011294526000000001,0.00048351
988,2012-02-17,0.010632688999999999,0.007249167
989,2012-02-21,-0.007042866,0.008964620999999999
990,2012-02-22,0.018914186,0.018220498999999998
991,2012-02-23,0.001031282,-0.0017943120000000002
992,2012-02-24,0.009100275,0.023417827999999998
993,2012-02-27,-0.005785265,0.01393133
994,2012-02-28,0.017884648,0.006098742
995,2012-02-29,-0.021689786000000003,-0.00936387
996,2012-03-01,0.006960556999999999,0.001023786
997,2012-03-02,-0.008704557,-0.018195633
998,2012-03-05,0.000688705,0.011725373999999998
999,2012-03-06,-0.012044046999999999,-0.022221157999999998
1000,2012-03-07,0.006966214,0.00832637
1001,2012-03-08,0.020148737,0.013406568
1002,2012-03-09,-0.006781385,0.005416239000000001
1003,2012-03-12,-0.005462149,0.00081045
1004,2012-03-13,0.006350296,0.008002691999999999
1005,2012-03-14,-0.004434212,-0.004253084
1006,2012-03-15,0.002141328,-0.0044374259999999995
1007,2012-03-16,-0.002735043,0.0014778220000000002
1008,2012-03-19,0.01851217,0.011709522
1009,2012-03-20,-0.019522046,-0.014373403
1010,2012-03-21,0.00197391,-0.002482243
1011,2012-03-22,0.004539615,-0.0026319570000000003
1012,2012-03-23,0.012789905,0.017200868
1013,2012-03-26,0.010776225,0.027522888
1014,2012-03-27,-0.002082292,-0.011522195
1015,2012-03-28,-0.003839412,-0.007291158000000001
1016,2012-03-29,-0.002932551,0.001637374
1017,2012-03-30,-0.008403361,-0.017934683
1018,2012-04-02,0.008305085,0.027369524
1019,2012-04-03,0.011598588,0.013817845
1020,2012-04-04,-0.011465603000000001,-0.016163623000000002
1021,2012-04-05,0.017061691,0.020675755
1022,2012-04-09,-0.012478308,-0.001273161
1023,2012-04-10,-0.023096234,-0.033144391
1024,2012-04-11,0.005482268,0.01250206
1025,2012-04-12,0.031010394,0.009161938
1026,2012-04-13,0.017683028,0.014931517
1027,2012-04-16,-0.01891848,-0.017708737
1028,2012-04-17,0.010345113000000001,0.013336084
1029,2012-04-18,-0.002457405,-0.003945852
1030,2012-04-19,-0.0048448020000000005,0.000274788
1031,2012-04-20,-0.001485271,0.008287143
1032,2012-04-23,-0.024047599,-0.023113228
1033,2012-04-24,0.007027942,9.290000000000001e-05
1034,2012-04-25,0.024047759,0.034301674
1035,2012-04-26,0.011495197,0.020042264
1036,2012-04-27,0.0026787890000000004,0.007929821
1037,2012-04-30,-0.004371762,-0.011604528000000001
1038,2012-05-01,0.0008944539999999999,0.008026179
1039,2012-05-02,-0.007311723000000001,-0.009760869
1040,2012-05-03,-0.04730338,-0.019980108
1041,2012-05-04,0.011854652,-0.0061930480000000005
1042,2012-05-07,0.0061125730000000005,-0.008119356999999999
1043,2012-05-08,-0.003122099,-0.010272379
1044,2012-05-09,-0.006094464,-0.020410573
1045,2012-05-10,0.006387328,0.0003548
1046,2012-05-11,-0.002115596,-0.00137127
1047,2012-05-14,-0.010176391,-0.018844674
1048,2012-05-15,-0.000942426,7.240000000000001e-05
1049,2012-05-16,0.007889545999999999,-0.012304871
1050,2012-05-17,-0.021441334,-0.026357598
1051,2012-05-18,-0.020606904,-0.01008578
1052,2012-05-21,0.03178267,0.040602163999999996
1053,2012-05-22,0.018671485,0.00696578
1054,2012-05-23,0.006588394,0.008828367
1055,2012-05-24,0.005034824,0.006569302
1056,2012-05-25,-0.003339734,-0.01398185
1057,2012-05-29,0.0076233559999999995,0.005048797
1058,2012-05-30,-0.023195876,-0.010743901
1059,2012-05-31,-0.019491021,-0.012318335
1060,2012-06-01,-0.025607638999999998,-0.036235295
1061,2012-06-04,0.01701559,0.021644826000000002
1062,2012-06-05,-0.0030658720000000003,0.019837105
1063,2012-06-06,0.022230033,0.028858402000000002
1064,2012-06-07,0.004039883,-0.010167198
1065,2012-06-08,-0.00196901,0.002020639
1066,2012-06-11,-0.0019728939999999998,-0.006505798
1067,2012-06-12,0.006961753,0.009448096
1068,2012-06-13,-0.01928986,-0.019150208999999998
1069,2012-06-14,0.01383812,0.022696742000000002
1070,2012-06-15,0.016396257,0.018231739
1071,2012-06-18,0.014358108,-0.002507675
1072,2012-06-19,0.010407993,0.004581575
1073,2012-06-20,0.010218376999999999,0.0029000859999999996
1074,2012-06-21,-0.025369117000000004,-0.017816725
1075,2012-06-22,0.045781721,0.033026995
1076,2012-06-25,-0.029451781,-0.015077687
1077,2012-06-26,0.015585058,0.008634393
1078,2012-06-27,0.002273465,-0.000694068
1079,2012-06-28,-0.015554115,-0.024587932000000003
1080,2012-06-29,0.017363397,0.020911465
1081,2012-07-02,0.024185067999999997,0.02276162
1082,2012-07-03,-0.002211341,0.004250966
1083,2012-07-05,0.00530315,0.005161057
1084,2012-07-06,-0.013620975,-0.005449814
1085,2012-07-09,-0.013010856000000001,-0.023458574
1086,2012-07-10,-0.01107966,-0.025552416
1087,2012-07-11,-0.012594046000000001,-0.0008566089999999999
1088,2012-07-12,0.015736293000000002,0.010383648
1089,2012-07-13,0.011823222,0.012610513
1090,2012-07-16,0.024659521,0.016969273
1091,2012-07-17,0.008493905,-0.0027696220000000002
1092,2012-07-18,-0.00319738,0.002616645
1093,2012-07-19,-0.019011108999999998,-0.020328762
1094,2012-07-20,0.0028710420000000003,-0.011193181000000002
1095,2012-07-23,-0.010178926,-0.016944299
1096,2012-07-24,-0.014621997,-0.014640127
1097,2012-07-25,-0.003668977,0.005952768000000001
1098,2012-07-26,0.037397709,0.027744768
1099,2012-07-27,0.018695275,0.030629847
1100,2012-07-30,0.013164008,0.01007439
1101,2012-07-31,-0.013527896999999999,-0.010381911
1102,2012-08-01,-0.012473928,-0.021462766
1103,2012-08-02,0.014200533999999999,-0.008824953
1104,2012-08-03,0.013228127,0.001653189
1105,2012-08-06,0.000381738,-0.010091222
1106,2012-08-07,-0.004808136,-0.008217268
1107,2012-08-08,0.005751534,0.019332421000000002
1108,2012-08-09,-0.020129624,0.003510402
1109,2012-08-10,0.004513346,0.00021129700000000002
1110,2012-08-13,-0.005964753000000001,-0.000938901
1111,2012-08-14,0.012234958999999998,0.00575615
1112,2012-08-15,-0.0063900219999999995,-0.002312629
1113,2012-08-16,0.00480389,0.003348217
1114,2012-08-17,-0.0076341000000000004,-0.003990456
1115,2012-08-20,-0.004118424,0.000913779
1116,2012-08-21,-0.004993758,-0.009105828
1117,2012-08-22,0.004548385,-0.0049845029999999995
1118,2012-08-23,-0.007416159,-0.006813911999999999
1119,2012-08-24,-0.0038537159999999997,0.009848731999999999
1120,2012-08-27,0.007895151999999999,0.00229613
1121,2012-08-28,-0.00203666,0.0027868309999999996
1122,2012-08-29,0.0048665620000000005,0.002873292
1123,2012-08-30,-0.010310889,-0.011436756999999999
1124,2012-08-31,0.012233623,0.004632332
1125,2012-09-04,0.002105263,0.0034996690000000004
1126,2012-09-05,-0.00708061,-0.00537252
1127,2012-09-06,0.014810752,0.024875621
1128,2012-09-07,0.0016216989999999999,0.008321775
1129,2012-09-10,-0.007940945,0.002957313
1130,2012-09-11,0.021837272,0.012297447
1131,2012-09-12,0.014982127,0.007993316
1132,2012-09-13,0.011389103999999999,0.019824847
1133,2012-09-14,-0.005408209000000001,-0.002372315
1134,2012-09-17,-0.00283054,-0.0014971820000000001
1135,2012-09-18,-0.0015686860000000001,-0.001146615
1136,2012-09-19,0.008454212,-0.002406287
1137,2012-09-20,-0.001335337,0.005067561
1138,2012-09-21,0.002897259,0.011757453000000001
1139,2012-09-24,-0.009333259,-0.009205214
1140,2012-09-25,0.006131224,-0.00828048
1141,2012-09-26,-0.015160523,-0.012579709
1142,2012-09-27,0.010488983,0.014197941
1143,2012-09-28,0.00276305,-0.001525975
1144,2012-10-01,0.018245457,0.011982811999999999
1145,2012-10-02,-0.005338989000000001,0.001663376
1146,2012-10-03,0.018529412,0.035201618
1147,2012-10-04,0.00830205,0.002364045
1148,2012-10-05,0.004224171,0.000821239
1149,2012-10-08,-0.011050764,-0.007027584
1150,2012-10-09,-0.014202292,-0.014938635
1151,2012-10-10,0.004972868,-0.006001549
1152,2012-10-11,0.011861446999999999,0.022679586
1153,2012-10-12,0.000503416,0.0016716679999999999
1154,2012-10-15,0.00553479,0.005196933
1155,2012-10-16,0.009078562,0.006704216
1156,2012-10-17,0.009917824,0.008329659
1157,2012-10-18,-0.004769921,-0.014844741000000002
1158,2012-10-19,-0.013462081,-0.012126159
1159,2012-10-22,-0.0069300559999999995,-0.006658746
1160,2012-10-23,-0.016978417,-0.015141456000000001
1161,2012-10-24,-0.0010977019999999999,-0.011568695
1162,2012-10-25,0.007766063,-0.011396181000000002
1163,2012-10-26,0.005525264,0.008055946
1164,2012-10-31,0.003253489,0.017550398999999998
1165,2012-11-01,0.036898316,0.01683555
1166,2012-11-02,-0.003336183,0.0016215620000000002
1167,2012-11-05,-0.013249583,-0.008094621
1168,2012-11-06,0.016678445,0.013164416000000002
1169,2012-11-07,-0.009036563000000001,-0.015006974
1170,2012-11-08,-0.003507295,-0.006240628000000001
1171,2012-11-09,0.006124101999999999,0.006193179
1172,2012-11-12,0.002169034,0.011492273999999999
1173,2012-11-13,-0.0055152890000000005,0.002595745
1174,2012-11-14,-0.017550018,-0.016786215
1175,2012-11-15,0.00035727,-0.01327405
1176,2012-11-16,0.019357213999999998,0.016252516
1177,2012-11-19,0.020601078000000002,0.030327793999999998
1178,2012-11-20,0.004737453,-0.002318835
1179,2012-11-21,0.002186689,0.003894675
1180,2012-11-23,0.009954998,0.0037753170000000003
1181,2012-11-26,-0.005873616,-0.0025143170000000003
1182,2012-11-27,-0.003191851,-0.0032081540000000004
1183,2012-11-28,0.00347452,0.006311564
1184,2012-11-29,0.006042502,0.009760919
1185,2012-11-30,0.010325416,0.00508011
1186,2012-12-03,-0.007147216999999999,-0.004154048
1187,2012-12-04,-0.0070640469999999995,-0.0066371730000000006
1188,2012-12-05,0.003184498,-0.011211803000000001
1189,2012-12-06,0.002769148,0.006025105
1190,2012-12-07,0.000538829,-0.009960905
1191,2012-12-10,0.000740491,0.007372577
1192,2012-12-11,0.001614355,0.004003294
1193,2012-12-12,-0.006850168,0.003987394
1194,2012-12-13,-0.004598323,0.002047803
1195,2012-12-14,-0.002581454,-0.00439692
1196,2012-12-17,0.015733482,0.014555298000000001
1197,2012-12-18,0.010661839,0.0072753819999999995
1198,2012-12-19,-0.010350318,-0.007080810999999999
1199,2012-12-20,0.022123961,0.018676291
1200,2012-12-21,-0.01108494,-0.009949231
1201,2012-12-24,0.0027193079999999997,0.0029377390000000004
1202,2012-12-26,-0.009392777,-0.017817422
1203,2012-12-27,-0.002403846,0.00343478
1204,2012-12-28,-0.005020081,-0.00981821
1205,2012-12-31,0.019710798999999998,0.016974435
1206,2013-01-02,0.02506927,0.038654108
1207,2013-01-03,0.0007723,0.001430635
1208,2013-01-04,0.008167203,-3.91e-05
1209,2013-01-07,0.007144224,0.016732592
1210,2013-01-08,0.009310279,-0.003291475
1211,2013-01-09,0.015248431000000002,0.02813719
1212,2013-01-10,-0.007911491,-0.008903229
1213,2013-01-11,0.004049654000000001,0.001951995
1214,2013-01-14,-0.003164619,-0.009779035
1215,2013-01-15,-0.00124488,-0.0013562679999999999
1216,2013-01-16,-0.0015581179999999998,-0.002888313
1217,2013-01-17,-0.001997503,0.003951735
1218,2013-01-18,-0.010070053,-0.004490265
1219,2013-01-22,0.004928287,-0.002380019
1220,2013-01-23,0.0,-0.004232742
1221,2013-01-24,0.0032065390000000004,0.009081091999999999
1222,2013-01-25,0.0017548260000000001,-0.005437961999999999
1223,2013-01-28,-0.021834272000000002,-0.010203651
1224,2013-01-29,0.001982667,0.008480471
1225,2013-01-30,-0.010532426999999999,-0.004783174
1226,2013-01-31,0.018708536,0.004651202
1227,2013-02-01,0.0041162690000000005,0.000597994
1228,2013-02-04,-0.012045976000000002,-0.008656185
1229,2013-02-05,0.018385,0.012582221999999999
1230,2013-02-06,0.008086316,0.0054926919999999995
1231,2013-02-07,-0.023380237,-0.007640149000000001
1232,2013-02-08,0.004711575,0.009469695
1233,2013-02-11,-0.009315589,-0.006902187
1234,2013-02-12,0.0030064609999999998,-0.0023230679999999997
1235,2013-02-13,-0.012946428999999999,-0.000827477
1236,2013-02-14,0.007818053,0.005681612
1237,2013-02-15,0.012886332,0.001857726
1238,2013-02-19,-0.0024052789999999998,-0.000516143
1239,2013-02-20,-0.013895056999999999,-0.019029989
1240,2013-02-21,0.01299704,0.013023845
1241,2013-02-22,0.012639672,0.008160261
1242,2013-02-25,-0.022204041,-0.024683637
1243,2013-02-26,0.012444673,-0.002348757
1244,2013-02-27,0.012925299,0.010771022
1245,2013-02-28,-0.0076937509999999995,0.005104932
1246,2013-03-01,-0.003530005,0.000926924
1247,2013-03-04,0.008982794,0.006000347
1248,2013-03-05,0.004952915,0.010912736999999999
1249,2013-03-06,0.004803856,0.0009107189999999999
1250,2013-03-07,-0.003414939,-0.001724933
1251,2013-03-08,0.000996885,0.004860729
1252,2013-03-11,0.0031741459999999997,0.0031366890000000002
1253,2013-03-12,-0.008561795,-0.01456053
1254,2013-03-13,-0.0026908640000000003,0.008257532
1255,2013-03-14,0.008094371999999999,-0.000568723
1256,2013-03-15,-0.013133325,-0.014814656
1257,2013-03-18,-0.003027373,-0.008394767
1258,2013-03-19,-0.013095526000000001,-0.006621231
1259,2013-03-20,0.021346154,0.013721638000000001
1260,2013-03-21,-0.009602711,-0.008888955
1261,2013-03-22,0.014512041000000002,0.006789732
1262,2013-03-25,0.024423762,0.004811575
1263,2013-03-26,0.021097622000000003,0.029769765
1264,2013-03-27,0.00716583,0.004780959
1265,2013-03-28,0.006996324,0.005761704
1266,2013-04-01,-0.014660798000000001,-0.007207178000000001
1267,2013-04-02,0.00358524,0.006254398
1268,2013-04-03,-0.01905329,-0.013577812
1269,2013-04-04,0.010500758999999998,0.001818978
1270,2013-04-05,-0.00792888,-0.0049043279999999995
1271,2013-04-08,0.00684179,0.005210723
1272,2013-04-09,-0.00926087,-0.012594251
1273,2013-04-10,0.013596418999999998,0.012868583999999999
1274,2013-04-11,0.003772621,0.012742548000000001
1275,2013-04-12,-0.011156187,-0.015242776000000001
1276,2013-04-15,-0.026908054,-0.021163567999999997
1277,2013-04-16,0.021204168,0.018918556
1278,2013-04-17,-0.015056826,-0.010948511999999999
1279,2013-04-18,-0.005054552,-0.009053579
1280,2013-04-19,0.01579834,0.001842649
1281,2013-04-22,-0.002622652,0.000287321
1282,2013-04-23,0.013025133000000001,0.017027083000000002
1283,2013-04-24,0.008451044,0.0019209420000000001
1284,2013-04-25,0.010175925,0.005864421999999999
1285,2013-04-26,-0.009066071,0.00035506599999999996
1286,2013-04-29,0.0040063979999999996,0.006874246
1287,2013-04-30,0.003335438,0.025825086
1288,2013-05-01,-0.014484209,-0.023710018
1289,2013-05-02,0.056499157,0.010577636999999999
1290,2013-05-03,0.023603193999999997,0.014701226000000001
1291,2013-05-06,-0.003620308,-0.010513973999999999
1292,2013-05-07,0.005030969000000001,0.006444836
1293,2013-05-08,-0.0029478840000000004,0.004462430999999999
1294,2013-05-09,-0.003793317,-0.003322925
1295,2013-05-10,0.000951954,0.005888961
1296,2013-05-13,0.001006937,0.0012790339999999999
1297,2013-05-14,0.007768513,0.024899177999999998
1298,2013-05-15,0.007985691999999999,0.008215138
1299,2013-05-16,-0.010783396,-0.007347274
1300,2013-05-17,0.026529532999999998,0.025677937999999997
1301,2013-05-20,-0.016037329,-0.002462464
1302,2013-05-21,-0.00033037800000000004,0.0025884560000000003
1303,2013-05-22,-0.007766456,-0.013918031
1304,2013-05-23,-0.01132447,-0.012103206000000002
1305,2013-05-24,0.013194777,0.003036596
1306,2013-05-28,-0.002327515,0.007489535
1307,2013-05-29,-0.01049825,-0.004741689
1308,2013-05-30,0.016223195,0.005497216
1309,2013-05-31,-0.015964205,-0.010257516
1310,2013-06-03,0.011507803,0.009925419
1311,2013-06-04,5.550000000000001e-05,-0.013352781999999999
1312,2013-06-05,-0.016537181,-0.015222906999999999
1313,2013-06-06,0.012019016,0.009614525
1314,2013-06-07,0.0032896009999999996,0.002301071
1315,2013-06-10,0.013282205,-0.000829969
1316,2013-06-11,-0.014643778,-0.00943835
1317,2013-06-12,-0.0028387509999999996,-0.004389444
1318,2013-06-13,0.017303992,0.028208879
1319,2013-06-14,-0.0072428530000000005,-0.004462107
1320,2013-06-17,0.00784845,0.012308338
1321,2013-06-18,0.009103261999999999,0.010757658
1322,2013-06-19,-0.007499538,0.0033538609999999996
1323,2013-06-20,-0.022832996,-0.023278867999999998
1324,2013-06-21,0.00582758,0.000995268
1325,2013-06-24,-0.006852368,-0.018646759
1326,2013-06-25,0.012340831000000002,0.003519446
1327,2013-06-26,0.012079515,0.009600021
1328,2013-06-27,0.008814673,0.001192965
1329,2013-06-28,-0.008194888,0.006693786
1330,2013-07-01,0.013515731999999999,0.015161043999999999
1331,2013-07-02,0.000108034,-0.00025723200000000003
1332,2013-07-03,0.009717015,0.005351061999999999
1333,2013-07-05,0.020049188,0.01509782
1334,2013-07-08,-0.014099167,-0.009646656
1335,2013-07-09,-0.004784742,0.0072970019999999995
1336,2013-07-10,-0.00267094,-0.004515002
1337,2013-07-11,0.017461221000000002,0.01710929
1338,2013-07-12,0.004000789,-0.00359394
1339,2013-07-15,-0.002464346,-0.004992803
1340,2013-07-16,-0.00457293,-0.010203601
1341,2013-07-17,0.0013729010000000002,0.006036046999999999
1342,2013-07-18,0.007224161999999999,0.006016685
1343,2013-07-19,-0.005706455,-0.006014139
1344,2013-07-22,0.006844986999999999,0.015623615
1345,2013-07-23,-0.013806087,-0.007633555
1346,2013-07-24,-0.009704104,-0.011722425
1347,2013-07-25,0.042088352999999995,0.013519671
1348,2013-07-26,-0.00724526,-0.0013856220000000002
1349,2013-07-29,-0.00636646,-0.001889158
1350,2013-07-30,-0.0027608479999999998,0.00736987
1351,2013-07-31,-0.075376149,0.01528052
1352,2013-08-01,0.012202758000000001,0.058580781
1353,2013-08-02,0.026957638,-0.001253117
1354,2013-08-05,0.0029347279999999997,-0.004832938
1355,2013-08-06,-0.008941097,0.017978037
1356,2013-08-07,-0.008201650999999999,-0.011743103999999999
1357,2013-08-08,-0.00336292,-0.000742635
1358,2013-08-09,-0.005365638000000001,-0.012201179
1359,2013-08-12,-0.00027812700000000003,-0.011348752
1360,2013-08-13,-0.00294832,0.0041382070000000005
1361,2013-08-14,-0.004909837,-0.005289565
1362,2013-08-15,-0.024782841,-0.017841821
1363,2013-08-16,-0.004599494,-0.0008565310000000001
1364,2013-08-19,0.010685611999999999,0.002717507
1365,2013-08-20,-0.010058292,0.004065173
1366,2013-08-21,0.029846438,-0.004980592
1367,2013-08-22,0.002971019,0.0028580520000000002
1368,2013-08-23,0.0010060919999999999,0.008098747
1369,2013-08-26,-0.022892294,-0.017456997
1370,2013-08-27,-0.0047428570000000005,-0.01180144
1371,2013-08-28,0.005971235,0.004424941
1372,2013-08-29,0.000913133,0.003209938
1373,2013-08-30,-0.005417118,-0.010594691000000002
1374,2013-09-03,0.014906547,0.028659565
1375,2013-09-04,-0.004688736,-8.02e-05
1376,2013-09-05,0.000113571,0.008982964
1377,2013-09-06,0.002610465,0.012114467
1378,2013-09-09,0.010641309,0.005937639000000001
1379,2013-09-10,0.033828059,0.017332885
1380,2013-09-11,0.009317948000000001,0.01068307
1381,2013-09-12,-0.006709248,0.013759378000000001
1382,2013-09-13,0.021290392,-0.001662946
1383,2013-09-16,0.002010582,0.006887697
1384,2013-09-17,0.011722516,0.012175827
1385,2013-09-18,0.010699268999999999,0.012471148999999999
1386,2013-09-19,0.005473896,-0.0018469110000000001
1387,2013-09-20,0.021159621,-0.0009178869999999999
1388,2013-09-23,-0.013026153,-0.004010266
1389,2013-09-24,-0.014777873,0.003484692
1390,2013-09-25,-0.009206579,-0.019595255
1391,2013-09-26,0.010440593,0.008393636
1392,2013-09-27,-0.002634842,0.00630178
1393,2013-09-30,-0.010100958,-0.013301973
1394,2013-10-01,0.011093615,0.0074466390000000006
1395,2013-10-02,-0.007245575,-0.002183538
1396,2013-10-03,-0.016526013,-0.010719936000000001
1397,2013-10-04,0.009700557,0.006382118000000001
1398,2013-10-07,-0.021787064,-0.010782246
1399,2013-10-08,-0.020393925,-0.018316408
1400,2013-10-09,0.0072317430000000005,0.0051386059999999996
1401,2013-10-10,0.028175087,0.032500115
1402,2013-10-11,0.016769825,0.00823761
1403,2013-10-14,0.006451613,0.007191075999999999
1404,2013-10-15,-0.010700993,-0.003932622
1405,2013-10-16,0.022260542,0.013272323
1406,2013-10-17,0.01354598,0.013141638999999998
1407,2013-10-18,0.010944118999999999,0.01497217
1408,2013-10-21,-0.002045448,0.003705351
1409,2013-10-22,-0.00029989,0.001170121
1410,2013-10-23,-0.005450545,-0.010728028999999998
1411,2013-10-24,0.020212178,0.019297622
1412,2013-10-25,0.0007392439999999999,-0.001255668
1413,2013-10-28,9.85e-05,0.008510832
1414,2013-10-29,0.005712084,0.003424939
1415,2013-10-30,-0.002056404,-0.009229439
1416,2013-10-31,-0.03508002,-0.011823407
1417,2013-11-01,0.012660801999999999,0.028420026
1418,2013-11-04,-0.013757783,-0.012312143999999999
1419,2013-11-05,0.004836575,0.010955491000000001
1420,2013-11-06,0.008359933,-0.0034085659999999996
1421,2013-11-07,-0.014671842,-0.017101108
1422,2013-11-08,0.011167669,0.018230411000000002
1423,2013-11-11,0.004942307,0.009108609
1424,2013-11-12,-0.0050183170000000004,-0.004695316
1425,2013-11-13,0.007615876999999999,-0.0029823370000000003
1426,2013-11-14,0.001851987,0.010945301000000001
1427,2013-11-15,0.009243118,0.011741261000000001
1428,2013-11-18,-0.010396089,0.0030441340000000004
1429,2013-11-19,-0.012556228999999999,-0.010072201999999999
1430,2013-11-20,0.003698262,-0.00136558
1431,2013-11-21,0.017615587,0.0014344639999999999
1432,2013-11-22,0.002529636,0.00997324
1433,2013-11-25,-0.000940085,0.00270393
1434,2013-11-26,0.007874065999999999,0.0007270289999999999
1435,2013-11-27,0.002309404,0.004438392
1436,2013-11-29,-0.002598166,0.000539164
1437,2013-12-02,0.008207952,-0.006164483
1438,2013-12-03,-0.016477356000000002,-0.00267156
1439,2013-12-04,0.004907113,-0.007863679
1440,2013-12-05,-0.005080398,0.004450887
1441,2013-12-06,0.000793168,0.009274744
1442,2013-12-09,-0.0013870310000000002,0.000514219
1443,2013-12-10,-0.010714867,0.006259389000000001
1444,2013-12-11,0.031239082999999997,0.035306007
1445,2013-12-12,-0.010794515,-0.010157266
1446,2013-12-13,0.01926858,0.00693893
1447,2013-12-16,0.001880787,0.011142595
1448,2013-12-17,0.026474128,0.001506131
1449,2013-12-18,0.009847644000000001,0.005150686
1450,2013-12-19,0.0033897840000000003,0.0041393409999999995
1451,2013-12-20,-0.0005090709999999999,0.014490042
1452,2013-12-23,0.009538362,-0.002386647
1453,2013-12-24,0.003210567,-0.002330966
1454,2013-12-26,0.006720614000000001,0.010698487
1455,2013-12-27,-0.0024069029999999997,0.007263633
1456,2013-12-30,0.0056448309999999995,0.006558989
1457,2013-12-31,0.008012267,0.00259214
1458,2014-01-02,-0.007499551,-0.00157998
1459,2014-01-03,0.0006787480000000001,-0.003992148
1460,2014-01-06,-0.0060137459999999995,-0.004959016
1461,2014-01-07,0.007642224,0.012580326000000001
1462,2014-01-08,0.003205318,-0.00029865400000000003
1463,2014-01-09,-0.001395014,0.008077948
1464,2014-01-10,-0.003514938,-0.010478865
1465,2014-01-13,-0.010084611,-0.029661232000000003
1466,2014-01-14,0.017131111,0.014456815
1467,2014-01-15,0.004985403,0.002020153
1468,2014-01-16,-0.008893413000000001,0.002586929
1469,2014-01-17,0.04694047900000001,-0.008576644
1470,2014-01-21,-0.0010767510000000001,7.329999999999999e-05
1471,2014-01-22,0.004570431,0.017740226
1472,2014-01-23,-0.020344263,-0.011284513999999999
1473,2014-01-24,-0.030668127000000003,-0.046745993
1474,2014-01-27,-0.022734462999999996,-0.031333587999999996
1475,2014-01-28,0.021922162999999998,0.036554897999999995
1476,2014-01-29,-0.017378756000000002,-0.014334643999999999
1477,2014-01-30,0.017317612,0.026512227000000003
1478,2014-01-31,-0.024674076,-0.05115346
1479,2014-02-03,-0.009098037,-0.023387948999999998
1480,2014-02-04,0.005012367,-0.010688675
1481,2014-02-05,0.004987462,-0.003829322
1482,2014-02-06,0.015769167,0.028281163999999998
1483,2014-02-07,0.012647871000000002,0.018825099999999997
1484,2014-02-10,-0.005546036999999999,0.000524178
1485,2014-02-11,0.008070731999999999,-0.002095612
1486,2014-02-12,0.008275985999999999,-0.002887518
1487,2014-02-13,-0.0005353080000000001,0.007371331
1488,2014-02-14,0.008703414,0.011237423
1489,2014-02-18,0.000265487,0.001292157
1490,2014-02-19,-0.009643457,-0.010840108000000001
1491,2014-02-20,-0.00187596,-0.010306588
1492,2014-02-21,-0.000447552,-0.002109148
1493,2014-02-24,0.012670128999999999,0.00343461
1494,2014-02-25,0.0040673770000000005,0.010268562
1495,2014-02-26,-0.004403153,0.008079229
1496,2014-02-27,0.000751846,0.005170631
1497,2014-02-28,-0.001502563,-0.0005144030000000001
1498,2014-03-03,-0.019916792,-0.012738033999999999
1499,2014-03-04,0.018334538,0.0230679
1500,2014-03-05,-0.011929047,-0.0038216559999999997
1501,2014-03-06,0.004712535,-0.0072890030000000005
1502,2014-03-07,0.007594032,0.003993302
1503,2014-03-10,-0.000266005,-0.00705671
1504,2014-03-11,0.0074500669999999995,0.006589999
1505,2014-03-12,-0.004753852,0.005648266999999999
1506,2014-03-13,-0.023529455,-0.021955577999999996
1507,2014-03-14,-4.5299999999999997e-05,-0.0036543979999999997
1508,2014-03-17,0.013634098999999998,0.019517946
1509,2014-03-18,0.011752614,0.014004882
1510,2014-03-19,-0.01143938,-0.007729346
1511,2014-03-20,-0.008935752,0.001276976
1512,2014-03-21,0.006987602,-0.03086341
1513,2014-03-24,-0.011729418,0.018423477
1514,2014-03-25,-0.010645571999999999,-0.027264504
1515,2014-03-26,-0.012454213,-0.020855473
1516,2014-03-27,0.000417331,-0.005019672
1517,2014-03-28,-0.017055198,-0.001636215
1518,2014-03-31,0.017775473,0.020213057
1519,2014-04-01,-0.0053738530000000005,0.0014725570000000002
1520,2014-04-02,-0.000186306,-0.001470392
1521,2014-04-03,0.001630439,-0.00227577
1522,2014-04-04,-0.033998374,-0.031530927
1523,2014-04-07,-0.020654791000000002,-0.011776115
1524,2014-04-08,-0.004031267,0.002663676
1525,2014-04-09,0.024433536000000002,0.02852349
1526,2014-04-10,-0.028861859,-0.032490484
1527,2014-04-11,-0.024410816000000002,-0.034986652
1528,2014-04-14,0.022275289,0.036400699
1529,2014-04-15,0.015123676,0.013627423
1530,2014-04-16,0.026023034,0.024670825
1531,2014-04-17,-0.006734810999999999,0.002705262
1532,2014-04-21,0.005674441,0.002428167
1533,2014-04-22,0.00401664,0.002960571
1534,2014-04-23,-0.005476925,-0.015698376
1535,2014-04-24,0.0027774159999999996,0.013495093
1536,2014-04-25,-0.050000002,-0.049630127999999996
1537,2014-04-28,0.012517017,0.008208321999999999
1538,2014-04-29,0.006205938,0.011089276
1539,2014-04-30,-0.000296048,0.021102318
1540,2014-05-01,0.017175855,0.009109449
1541,2014-05-02,-0.008103256,-0.005928320999999999
1542,2014-05-05,0.01325702,0.014095961
1543,2014-05-06,-0.008545358000000001,-0.013499064
1544,2014-05-07,0.016264122,0.000812898
1545,2014-05-08,0.010541399,0.005008799
1546,2014-05-09,-0.000426695,0.001885776
1547,2014-05-12,0.004221811,0.008604464000000001
1548,2014-05-13,0.00170052,-0.0025326579999999997
1549,2014-05-14,-0.010374422,-0.009755446
1550,2014-05-15,-0.011483846,-0.013765181999999999
1551,2014-05-16,0.011376235,0.009168035
1552,2014-05-19,0.002621419,0.001491525
1553,2014-05-20,-0.011599163000000001,-0.0028432170000000003
1554,2014-05-21,0.01048485,0.02688391
1555,2014-05-22,-0.003474583,0.0015866720000000001
1556,2014-05-23,0.012895878000000001,0.009240924000000001
1557,2014-05-27,0.011458433,0.0075866580000000005
1558,2014-05-28,-0.003263403,-0.0012981960000000002
1559,2014-05-29,0.004069224000000001,-0.001819836
1560,2014-05-30,0.00074533,-0.00442766
1561,2014-06-02,-0.006097845,0.007848266999999999
1562,2014-06-03,-0.010303438,-0.00908501
1563,2014-06-04,0.000520443,-0.00039292699999999995
1564,2014-06-05,0.0037365090000000003,0.0068134169999999996
1565,2014-06-06,0.003675431,0.008198855
1566,2014-06-09,-0.001971831,-0.007874016
1567,2014-06-10,0.007855866,0.006505334000000001
1568,2014-06-11,-0.007327935,-0.006334023
1569,2014-06-12,-0.004278682,-0.014960323000000001
1570,2014-06-13,-0.002266657,0.002905441
1571,2014-06-16,-0.004969379,-0.010929681
1572,2014-06-17,0.00271114,-0.001730795
1573,2014-06-18,0.002087188,0.001867165
1574,2014-06-19,-0.00440232,-0.011315229
1575,2014-06-20,-0.003946367,-0.0061936180000000006
1576,2014-06-23,-9.549999999999999e-05,0.004470939
1577,2014-06-24,-0.008020289,-0.019422714
1578,2014-06-25,0.0061119880000000005,0.004676754
1579,2014-06-26,-0.000478284,-0.003696605
1580,2014-06-27,0.001531346,0.008657414
1581,2014-06-30,0.006832999,0.000953678
1582,2014-07-01,0.016800293,0.028038655
1583,2014-07-02,0.002753792,0.008870646999999999
1584,2014-07-03,0.00777318,0.007086614000000001
1585,2014-07-07,0.001062399,-0.007297368
1586,2014-07-08,-0.00682855,-0.006432134
1587,2014-07-09,0.004181037,0.012419078
1588,2014-07-10,-0.002868292,-0.015137675
1589,2014-07-11,0.006773731,0.004770107
1590,2014-07-14,0.018571429,0.019781088999999998
1591,2014-07-15,0.003393205,0.012802276000000001
1592,2014-07-16,0.004012986,-0.000127681
1593,2014-07-17,-0.021511653999999998,-0.024517942
1594,2014-07-18,0.010648063000000001,0.014530698
1595,2014-07-21,-0.0044505000000000005,-0.001935484
1596,2014-07-22,0.009305675,0.011893988000000001
1597,2014-07-23,-0.000271129,-0.006771431999999999
1598,2014-07-24,0.006962070999999999,-0.002186776
1599,2014-07-25,-0.035781672,-0.023462679
1600,2014-07-28,-0.002560879,0.005808581
1601,2014-07-29,-0.0033610309999999996,-0.003937525
1602,2014-07-30,0.0026229509999999997,0.000263539
1603,2014-07-31,-0.014248388,-0.023185351
1604,2014-08-01,0.003791337,0.011193527
1605,2014-08-04,0.001652424,0.009335823
1606,2014-08-05,-0.0076357940000000004,-0.006342495
1607,2014-08-06,0.000712501,0.00212766
1608,2014-08-07,-0.007831459,-0.017250531
1609,2014-08-08,0.006793054000000001,0.014987848
1610,2014-08-11,0.000570132,0.006119463
1611,2014-08-12,-0.001329661,0.0
1612,2014-08-13,0.005373229,0.008858918
1613,2014-08-14,0.005155418,-0.00327654
1614,2014-08-15,-0.010963674,-0.011045365
1615,2014-08-18,0.019648936999999998,0.020741923
1616,2014-08-19,0.003172779,-0.004819591
1617,2014-08-20,0.005581395,-0.00013089
1618,2014-08-21,-0.002081406,0.007854431
1619,2014-08-22,0.0015758979999999998,-0.006624237
1620,2014-08-25,-0.00032393900000000003,-0.000653766
1621,2014-08-26,0.003286733,0.007457805
1622,2014-08-27,0.001845614,-0.004675325
1623,2014-08-28,-0.01165196,-0.006263048
1624,2014-08-29,-0.009692497,-0.004595588
1625,2014-09-02,0.010399021,-0.003033901
1626,2014-09-03,0.000791645,0.004763165
1627,2014-09-04,-0.00297813,0.005794048
1628,2014-09-05,-0.000233268,0.006284368
1629,2014-09-08,0.007282526,-0.008196721
1630,2014-09-09,-0.006905501,-0.002098911
1631,2014-09-10,0.012133656999999999,0.007624555999999999
1632,2014-09-11,-0.00889893,-0.013437703999999998
1633,2014-09-12,-0.004233589,-0.001983602
1634,2014-09-15,0.0028032609999999996,-0.0030475690000000004
1635,2014-09-16,0.012392843999999998,0.017942583999999998
1636,2014-09-17,-0.008145421,-0.004830918
1637,2014-09-18,0.00422215,0.020729466999999998
1638,2014-09-19,-0.0008778410000000001,-0.006683805
1639,2014-09-22,-0.010959538000000001,-0.014492753999999998
1640,2014-09-23,-0.00663919,-0.008534664
1641,2014-09-24,0.009178150999999999,0.02039465
1642,2014-09-25,-0.017256611,-0.030240104
1643,2014-09-26,0.005837359,0.0045503209999999995
1644,2014-09-29,-0.004765547,-0.007194245
1645,2014-09-30,0.011567866999999999,-0.00805153
1646,2014-10-01,-0.01574734,-0.008116883
1647,2014-10-02,-0.001380839,0.0013638839999999999
1648,2014-10-03,0.010824003,0.012394443
1649,2014-10-06,-0.000943535,0.002421633
1650,2014-10-07,-0.017658955,-0.021070997
1651,2014-10-08,0.020716174,0.015355086
1652,2014-10-09,-0.021896732000000002,-0.030110721
1653,2014-10-10,-0.013143372,-0.01851594
1654,2014-10-13,-0.003414967,-0.010212766
1655,2014-10-14,-0.007636576999999999,0.01748352
1656,2014-10-15,-0.012184293999999998,0.004225352
1657,2014-10-16,0.013732834,-0.006171108000000001
1658,2014-10-17,0.014778325,0.009878634
1659,2014-10-20,0.008980631,0.006707658000000001
1660,2014-10-21,0.026268895,0.029428096
1661,2014-10-22,-0.01120435,-0.012675297
1662,2014-10-23,0.015930211,0.011881998999999999
1663,2014-10-24,-0.003733433,-0.0012147389999999998
1664,2014-10-27,-0.0003279,0.001486486
1665,2014-10-28,0.01546324,0.025502631
1666,2014-10-29,-0.009459691999999999,-0.000131579
1667,2014-10-30,0.102441023,0.09395973199999999
1668,2014-10-31,0.020198606,0.007458198
1669,2014-11-03,0.000455619,0.004537313
1670,2014-11-04,0.005920386,-0.0016640910000000001
1671,2014-11-05,0.026999218,0.023812358999999998
1672,2014-11-06,0.002244219,-0.002791022
1673,2014-11-07,0.009356592,-0.011078717
1674,2014-11-10,-0.008794438,0.0005896230000000001
1675,2014-11-11,-0.0019184279999999998,-0.0030642309999999997
1676,2014-11-12,0.008889601,-0.002837215
1677,2014-11-13,-0.004088113,-0.001778305
1678,2014-11-14,-0.008289495,-0.0017814729999999998
1679,2014-11-17,0.003857901,-0.010113028
1680,2014-11-18,-0.00028022400000000003,0.008413462
1681,2014-11-19,0.000520562,0.004529201
1682,2014-11-20,0.007244057,0.0037968679999999997
1683,2014-11-21,0.010132316,0.00141844
1684,2014-11-24,0.00157344,0.0031869690000000004
1685,2014-11-25,0.010368431,0.015884222
1686,2014-11-26,0.0,0.002548066
1687,2014-11-28,0.0036149809999999998,0.008433457
1688,2014-12-01,-0.000154963,0.001947531
1689,2014-12-02,0.007205191,0.002629774
1690,2014-12-03,0.006115149,0.0071844
1691,2014-12-04,-0.00175841,0.0050951090000000004
1692,2014-12-05,0.008462893,0.0034921709999999996
1693,2014-12-08,-0.0009493069999999999,-0.011674898999999999
1694,2014-12-09,0.003952869,-0.002271695
1695,2014-12-10,-0.009161846,-0.017190346000000002
1696,2014-12-11,0.005349228,0.015753503999999998
1697,2014-12-12,-0.02409547,-0.04059756
1698,2014-12-15,-0.000311512,0.005705455999999999
1699,2014-12-16,-0.012816556000000002,-0.0232833
1700,2014-12-17,0.022374768,0.025290416
1701,2014-12-18,0.019607882,0.025846808
1702,2014-12-19,-0.009426068000000001,-0.005522319
1703,2014-12-22,0.009706806,0.0045118
1704,2014-12-23,0.003974187,0.009213406
1705,2014-12-24,0.008934592,0.001597626
1706,2014-12-26,-0.003773867,0.0
1707,2014-12-29,-0.004463319,-0.0010254069999999999
1708,2014-12-30,-0.003315375,-0.008097628
1709,2014-12-31,-0.008882934,-0.009313556
1710,2015-01-02,0.010755072,-0.005571031
1711,2015-01-05,-0.022073731,-0.028127918
1712,2015-01-06,-0.006443685,-0.002161643
1713,2015-01-07,0.013398097,0.013599711
1714,2015-01-08,0.013412531,0.015554499999999999
1715,2015-01-09,-0.014823255,-0.012744066
1716,2015-01-12,-0.001957586,-0.012790147
1717,2015-01-13,0.002922891,0.0022792710000000002
1718,2015-01-14,-0.020016871999999998,-0.001077199
1719,2015-01-15,-0.00950853,-0.014497963
1720,2015-01-16,0.007189981,0.018844985
1721,2015-01-20,0.007413218,0.00548926
1722,2015-01-21,0.0017131289999999999,-0.006408735
1723,2015-01-22,0.00124382,0.007883421
1724,2015-01-23,0.002678571,0.000118511
1725,2015-01-26,-0.006814085,-0.009361299
1726,2015-01-27,-0.021595876,-0.021889952
1727,2015-01-28,-0.018446989,-0.012596307
1728,2015-01-29,0.006656925,0.007926678000000001
1729,2015-01-30,0.027862902999999998,0.00798722
1730,2015-02-02,0.00168687,0.011581128999999999
1731,2015-02-03,0.017427783,0.01000241
1732,2015-02-04,0.01963124,0.004414748
1733,2015-02-05,0.026086223,0.019482061999999998
1734,2015-02-06,-0.016114717,-0.019342811
1735,2015-02-09,-0.0073293690000000005,0.005109316
1736,2015-02-10,-0.0034280120000000002,-0.004255822
1737,2015-02-11,0.005443206,0.002730619
1738,2015-02-12,0.018496974,0.036230168
1739,2015-02-13,-0.004724816,-0.004341865
1740,2015-02-17,0.004598895,0.004360799
1741,2015-02-18,-0.0064606640000000005,0.0023994520000000003
1742,2015-02-19,-7.43e-05,0.016755956000000002
1743,2015-02-20,0.014492716000000001,0.017825112
1744,2015-02-23,3.6700000000000004e-05,0.003634762
1745,2015-02-24,-0.001977986,0.0021949079999999998
1746,2015-02-25,0.001981906,0.01478318
1747,2015-02-26,0.002710487,-0.01521528
1748,2015-02-27,-0.008913242,-0.012382205
1749,2015-03-02,0.025727065,0.02096971
1750,2015-03-03,-0.010744258999999999,-0.011410563
1751,2015-03-04,-0.005630185,0.00813455
1752,2015-03-05,0.001388128,0.01199433
1753,2015-03-06,-0.017473461000000003,-0.021764896000000002
1754,2015-03-09,0.0077226180000000005,0.003634762
1755,2015-03-10,-0.022916512000000003,-0.025021948999999998
1756,2015-03-11,-0.00169687,-0.021049077000000003
1757,2015-03-12,0.018243588,0.026215937
1758,2015-03-13,-0.01687807,-0.016806723
1759,2015-03-16,0.015054861999999999,0.010940171
1760,2015-03-17,-0.016801688000000002,-0.008341788000000001
1761,2015-03-18,0.011984915,0.010344436
1762,2015-03-19,-0.0016064929999999999,0.001575158
1763,2015-03-20,0.008980692,0.008986745
1764,2015-03-23,-0.004895416,-0.005455355
1765,2015-03-24,0.00029815099999999997,0.001791112
1766,2015-03-25,-0.020417288000000002,-0.023689797999999998
1767,2015-03-26,-0.002129925,0.006409523
1768,2015-03-27,-0.0007623110000000001,-0.007733424
1769,2015-03-30,0.0018309429999999998,0.004813754
1770,2015-03-31,-0.003807493,-0.014600205
1771,2015-04-01,-0.003516282,0.004051395
1772,2015-04-02,0.001687634,0.003343325
1773,2015-04-06,-0.001378465,0.00356199
1774,2015-04-07,0.009202454,0.006640714
1775,2015-04-08,0.010638298000000001,0.015923567
1776,2015-04-09,-0.000902256,-0.002910882
1777,2015-04-10,-0.001505117,-0.005501909
1778,2015-04-13,-0.011003919,-0.0036129609999999996
1779,2015-04-14,-0.001219326,0.009858357
1780,2015-04-15,0.002289028,0.001458707
1781,2015-04-16,-0.00045676,-0.005938375
1782,2015-04-17,-0.01721249,-0.020175834
1783,2015-04-20,0.003099814,0.004601403
1784,2015-04-21,0.00973424,0.00503836
1785,2015-04-22,0.040703902,0.039079412
1786,2015-04-23,-0.0042640790000000005,-0.0035087720000000003
1787,2015-04-24,-0.003544005,-0.001760563
1788,2015-04-27,-0.005631298000000001,-0.01069224
1789,2015-04-28,-0.004918033,0.005348189000000001
1790,2015-04-29,0.008536768,0.00022165599999999998
1791,2015-04-30,-0.019156519,-0.000443213
1792,2015-05-01,-0.0042392129999999995,0.011528655
1793,2015-05-04,-0.002888855,-0.000767123
1794,2015-05-05,0.00579445,-0.0043869270000000005
1795,2015-05-06,-0.004396604,-0.002313285
1796,2015-05-07,0.013857165,0.016340952
1797,2015-05-08,0.043406428,0.015860945
1798,2015-05-11,-0.006477615999999999,-0.010587103
1799,2015-05-12,-0.004781223,-0.001405102
1800,2015-05-13,-0.000582326,0.0014070789999999999
1801,2015-05-14,0.019664967,0.014267185
1802,2015-05-15,-0.006142857,-0.0066069909999999996
1803,2015-05-18,0.006180825,-0.001501824
1804,2015-05-19,0.002285714,0.007735281
1805,2015-05-20,-0.005416191999999999,-0.005970149
1806,2015-05-21,-0.005875609,-0.003646504
1807,2015-05-22,0.0036038629999999997,-0.002260495
1808,2015-05-26,-0.015512783999999998,-0.00863092
1809,2015-05-27,0.013860518999999998,0.007617804000000001
1810,2015-05-28,0.0010073389999999999,0.00248407
1811,2015-05-29,-0.012650949,-0.006033183
1812,2015-06-01,0.00626092,0.00325168
1813,2015-06-02,-0.001012878,0.00659032
1814,2015-06-03,-0.001303592,0.003541913
1815,2015-06-04,-0.010732415,-0.009946524
1816,2015-06-05,0.0023456970000000003,0.0005401319999999999
1817,2015-06-08,-0.010092146,-0.007773699
1818,2015-06-09,0.003989362,0.002067465
1819,2015-06-10,0.024724062,0.0225866
1820,2015-06-11,0.000143616,0.0035043009999999996
1821,2015-06-12,-0.004451465,-0.007724868
1822,2015-06-15,-0.010962065,-0.005012264000000001
1823,2015-06-16,0.0064168,0.009110397
1824,2015-06-17,-0.00376757,0.003186405
1825,2015-06-18,0.010909091000000001,0.01694018
1826,2015-06-19,-0.011654676000000001,-0.012909943
1827,2015-06-22,0.005823264,0.00643392
1828,2015-06-23,0.004776379,0.002934395
1829,2015-06-24,-0.00806684,-0.001985371
1830,2015-06-25,-0.0034853329999999997,-0.010993613000000001
1831,2015-06-26,0.001894491,0.000529325
1832,2015-06-29,-0.029527273,-0.021055973
1833,2015-06-30,0.006444844,0.010376135
1834,2015-07-01,0.010424423,0.010911425
1835,2015-07-02,0.005747973000000001,-0.002751323
1836,2015-07-06,-0.001758499,0.002971138
1837,2015-07-07,-0.005137992,-0.006665256
1838,2015-07-08,-0.015346023,-0.014911066
1839,2015-07-09,0.004795444,0.005946589
1840,2015-07-10,0.020432513,0.016981943
1841,2015-07-13,0.01607717,0.009300359000000001
1842,2015-07-14,0.008342923,-0.002408377
1843,2015-07-15,-0.0011412269999999999,-0.00020993
1844,2015-07-16,0.007854899,0.005984252
1845,2015-07-17,0.004392801,0.0027134209999999997
1846,2015-07-20,0.025677201,0.012281432
1847,2015-07-21,-0.009353508,-0.005654946
1848,2015-07-22,-0.000694252,0.0017578329999999999
1849,2015-07-23,-0.003056829,-0.017753922
1850,2015-07-24,0.042508711,0.007040773
1851,2015-07-27,-0.012566845,-0.01502661
1852,2015-07-28,0.011914433,0.008157644
1853,2015-07-29,0.01699224,0.016498528999999998
1854,2015-07-30,0.004867781,0.017367931
1855,2015-07-31,-0.01361613,-0.010263185
1856,2015-08-03,0.00570746,0.00041067800000000004
1857,2015-08-04,-0.0065989180000000005,-0.0014367820000000002
1858,2015-08-05,-0.0038527970000000003,0.009969168
1859,2015-08-06,-0.018671646,-0.011295411000000002
1860,2015-08-07,0.008562109,0.006278304
1861,2015-08-10,0.002290796,0.003170707
1862,2015-08-11,-0.013713363999999999,-0.008972268
1863,2015-08-12,0.002453653,-0.0016460910000000001
1864,2015-08-13,0.005303235999999999,0.001957955
1865,2015-08-14,0.00392263,0.006788028000000001
1866,2015-08-17,0.0025599570000000003,-0.000306466
1867,2015-08-18,0.0008063430000000001,-0.0026568570000000003
1868,2015-08-19,-0.000939976,-0.010245902
1869,2015-08-20,-0.006048387,-0.021118012000000002
1870,2015-08-21,-0.037322515,-0.041032149
1871,2015-08-24,-0.039752774,-0.031429202
1872,2015-08-25,-0.020333528,-0.011499488
1873,2015-08-26,0.05554726,0.056323427999999995
1874,2015-08-27,0.024190126,0.025515211
1875,2015-08-28,0.0008287289999999999,0.000318979
1876,2015-08-31,-0.016008832,-0.01817602
1877,2015-09-01,-0.032819074,-0.035942406
1878,2015-09-02,0.009570766,0.015496912
1879,2015-09-03,0.011203676999999999,0.013491098
1880,2015-09-04,-0.017613636000000002,-0.012220403999999999
1881,2015-09-08,0.019809138,0.026179167000000003
1882,2015-09-09,-0.013185878,-0.03153929
1883,2015-09-10,0.009051724,-0.003223297
1884,2015-09-11,0.007546631999999999,0.018621766
1885,2015-09-14,-0.010599208999999998,-0.004488232
1886,2015-09-15,0.007141837,0.012865626000000002
1887,2015-09-16,0.006807545,0.006731081999999999
1888,2015-09-17,-0.000422595,0.005176318
1889,2015-09-18,-0.016488162,-0.01137217
1890,2015-09-21,0.014185413000000001,0.009766685
1891,2015-09-22,-0.007487990999999999,-0.010531971999999999
1892,2015-09-23,0.009964413,0.0007602910000000001
1893,2015-09-24,-0.010007047,-0.011070111
1894,2015-09-25,0.006406606,0.001975417
1895,2015-09-28,-0.049370490999999996,-0.032311062
1896,2015-09-29,0.019791667,0.004640634
1897,2015-09-30,0.016489128999999998,0.015322216999999999
1898,2015-10-01,0.004737295,0.006768753000000001
1899,2015-10-02,0.009715674,0.014769095
1900,2015-10-05,0.02207443,0.024546541
1901,2015-10-06,-0.002076699,-0.004346443
1902,2015-10-07,0.01581576,0.013415673000000001
1903,2015-10-08,0.00928708,0.007249421999999999
1904,2015-10-09,0.001082544,-0.00052154
1905,2015-10-12,0.013652338,0.008557712
1906,2015-10-13,0.000133351,-0.007346854
1907,2015-10-14,-0.010666667,-0.009381841
1908,2015-10-15,0.015363881000000001,0.022413975
1909,2015-10-16,0.008760287,0.004940305
1910,2015-10-19,0.013026316000000001,0.00102417
1911,2015-10-20,-0.009221977,-0.0007161860000000001
1912,2015-10-21,-0.010749868999999999,-0.010955257
1913,2015-10-22,0.012721972,0.014699793000000001
1914,2015-10-23,0.008505627,0.018057538999999997
1915,2015-10-26,0.014402491000000002,-0.001603367
1916,2015-10-27,-0.008442057,-0.012044565
1917,2015-10-28,0.017414861,0.016864777
1918,2015-10-29,-0.004564473,0.0049955040000000004
1919,2015-10-30,-0.011845625,-0.015906154
1920,2015-11-02,-0.030420211000000003,0.003939792
1921,2015-11-03,0.035628822000000004,0.007446166
1922,2015-11-04,0.005776636999999999,0.003995205999999999
1923,2015-11-05,0.01161455,0.001691206
1924,2015-11-06,-0.0064345190000000005,0.008044493
1925,2015-11-09,-0.009015873,-0.010147783
1926,2015-11-10,0.018452076,0.00179158
1927,2015-11-11,-0.0037745340000000004,0.002285147
1928,2015-11-12,-0.010987623,-0.025773196
1929,2015-11-13,-0.002553952,-0.014448513999999999
1930,2015-11-16,0.010113941999999999,0.014866818
1931,2015-11-17,-0.000887199,-0.002339776
1932,2015-11-18,0.020677407,0.01111451
1933,2015-11-19,-0.0038528459999999996,-0.002319484
1934,2015-11-20,0.000499064,0.00576165
1935,2015-11-23,-0.0009976310000000001,-0.0013065330000000001
1936,2015-11-24,-0.003994508,-0.008755157
1937,2015-11-25,-0.002882567,-0.003451777
1938,2015-11-27,0.003519356,0.005195599
1939,2015-11-30,-0.010395792,-0.007601095
1940,2015-12-01,0.011390963,0.000102124
1941,2015-12-02,-0.010887248,-0.008475442
1942,2015-12-03,-0.009488866,-0.011740473999999999
1943,2015-12-04,0.026951079,0.028553564
1944,2015-12-07,-0.010572139,-0.008915906999999999
1945,2015-12-08,-0.006033941,0.003680229
1946,2015-12-09,-0.015049956000000001,-0.003666735
1947,2015-12-10,0.003081664,-0.0021468000000000004
1948,2015-12-11,-0.025729647,-0.028480687999999997
1949,2015-12-14,0.009985546999999999,0.015501424
1950,2015-12-15,0.022765708,0.02211838
1951,2015-12-16,0.015772068,0.016356802
1952,2015-12-17,-0.014650638999999998,-0.007097160999999999
1953,2015-12-18,-0.030118185,-0.030605054
1954,2015-12-21,0.011137316999999999,0.007788971
1955,2015-12-22,0.002721265,0.005152514
1956,2015-12-23,0.015249418,0.012200123
1957,2015-12-24,-0.003818737,-0.001418009
1958,2015-12-28,0.003450038,-0.000608581
1959,2015-12-29,0.008659111,0.01207754
1960,2015-12-30,-0.010857215,-0.008523867
1961,2015-12-31,-0.010210593,-0.01527258
1962,2016-01-04,-0.023855577000000003,-0.026191454
1963,2016-01-05,0.007529723,0.001898534
1964,2016-01-06,-0.013111315,-0.017264975
1965,2016-01-07,-0.019662548000000002,-0.018318156999999998
1966,2016-01-08,-0.012332293999999999,-0.019096464
1967,2016-01-11,0.014270033,0.007676049
1968,2016-01-12,0.011363636000000002,0.00949437
1969,2016-01-13,-0.022204387000000003,-0.024606298999999998
1970,2016-01-14,0.009575923,0.017042269
1971,2016-01-15,-0.026693767,-0.022048286
1972,2016-01-19,-0.006125574,-0.028068989
1973,2016-01-20,-0.009945371,-0.012642078000000001
1974,2016-01-21,0.012450481000000001,0.011629273
1975,2016-01-22,0.015930688000000002,0.021830005
1976,2016-01-25,-0.013204951999999999,-0.013977273
1977,2016-01-26,0.001951491,0.0026506859999999998
1978,2016-01-27,-0.013494713,-0.025172414
1979,2016-01-28,-0.022281766,-0.016271666
1980,2016-01-29,0.074426655,0.067122138
1981,2016-02-01,-0.001476708,-0.004492868
1982,2016-02-02,-0.013175585,-0.030463726
1983,2016-02-03,0.013351499,0.006284185
1984,2016-02-04,-0.009411132,-0.001619059
1985,2016-02-05,-0.029044517000000002,-0.041352948
1986,2016-02-08,-0.052697790999999994,-0.025495407999999997
1987,2016-02-09,0.008263243,0.016367018
1988,2016-02-10,0.026635446,0.016347444
1989,2016-02-11,-0.023948681,-0.014404033
1990,2016-02-12,0.028479626,0.033857021
1991,2016-02-16,0.009656348,0.015196136
1992,2016-02-17,0.013080168999999999,0.011951729
1993,2016-02-18,-0.010967652,-0.013415893
1994,2016-02-19,0.004070747,0.008716876
1995,2016-02-22,0.021389627,0.011867727
1996,2016-02-23,-0.012455516000000002,-0.018332954
1997,2016-02-24,-0.004158004,0.002435912
1998,2016-02-25,0.019763396000000003,0.011571396000000001
1999,2016-02-26,-0.007370001,0.001715854
2000,2016-02-29,-0.004674825,-0.0074226330000000005
2001,2016-03-01,0.031081641,0.036585366
2002,2016-03-02,-0.004555198,-0.002330744
2003,2016-03-03,-0.005248991,-0.001668706
2004,2016-03-04,-0.0001353,0.003454424
2005,2016-03-07,-0.026522327000000002,-0.019433648
2006,2016-03-08,-0.018348623999999997,-0.016421291
2007,2016-03-09,0.000849618,0.003799655
2008,2016-03-10,-0.006508206,-0.003326451
2009,2016-03-11,0.020079748999999997,0.019449879
2010,2016-03-14,-0.001954488,0.003273877
2011,2016-03-15,0.0058749480000000005,0.005513672
2012,2016-03-16,0.006396885,0.0072739480000000006
2013,2016-03-17,0.010639768,0.015553827
2014,2016-03-18,0.008750342,0.00984575
2015,2016-03-21,-0.000135538,0.00043332300000000005
2016,2016-03-22,-0.010980073,-0.006388738000000001
2017,2016-03-23,0.013020833,0.0040322579999999995
2018,2016-03-24,0.0031118929999999997,-0.00238793
2019,2016-03-28,-0.00080928,-0.00728974
2020,2016-03-29,0.017548596,0.016878562
2021,2016-03-30,0.018572566000000002,0.011101531000000001
2022,2016-03-31,-0.003907268,0.007355293000000001
2023,2016-04-01,0.014513598,0.014497353999999999
2024,2016-04-04,0.0030931820000000003,-0.008553249
2025,2016-04-05,-0.011049723999999999,-0.007364545
2026,2016-04-06,0.016110173000000002,0.0042395340000000005
2027,2016-04-07,-0.008055236,-0.013087071
2028,2016-04-08,0.005800464,0.002994332
2029,2016-04-11,-0.0026912729999999997,-0.0034118779999999997
2030,2016-04-12,0.008995117,0.004172462
2031,2016-04-13,0.015155374,0.020136373
2032,2016-04-14,0.007778195999999999,0.0043864229999999995
2033,2016-04-15,-0.003112162,0.005303109
2034,2016-04-18,0.017107892,0.010239966999999999
2035,2016-04-19,-0.00859423,-0.00440258
2036,2016-04-20,0.00495356,0.00678733
2037,2016-04-21,-0.004436229,-0.003677222
2038,2016-04-22,-0.020794653,-0.000922698
2039,2016-04-25,-0.012261408,-0.004822986
2040,2016-04-26,0.004991042,0.002990307
2041,2016-04-27,0.0029288170000000002,0.011411535
2042,2016-04-28,-0.013712543999999998,-0.012197601
2043,2016-04-29,-0.0056642640000000005,-0.001955135
2044,2016-05-02,0.015794925,0.008042066
2045,2016-05-03,-0.016186592,-0.013501073999999998
2046,2016-05-04,-0.001554606,-0.0020736129999999998
2047,2016-05-05,0.003762813,-0.0006233769999999999
2048,2016-05-06,0.004653568,0.005094085
2049,2016-05-09,0.00643335,0.000413736
2050,2016-05-10,0.012528765,0.009511993
2051,2016-05-11,-0.023989899,-0.012597296000000001
2052,2016-05-12,0.007632600000000001,-0.005808526
2053,2016-05-13,-0.013608936,-0.005112154
2054,2016-05-16,0.012625276999999999,0.008284396
2055,2016-05-17,-0.012982005,-0.005720229
2056,2016-05-18,0.008334419000000001,0.000313808
2057,2016-05-19,-0.00710319,-0.009724982
2058,2016-05-20,0.010275754,0.00813094
2059,2016-05-23,-0.005922493000000001,-0.004085053
2060,2016-05-24,0.028105168,0.014724443
2061,2016-05-25,-0.004031242,-0.000310945
2062,2016-05-26,-0.000758917,-0.000725765
2063,2016-05-27,0.00835443,0.008300476999999999
2064,2016-05-31,-0.009038413,-0.013171434
2065,2016-06-01,0.003546998,0.00531804
2066,2016-06-02,0.009214845,0.004875013
2067,2016-06-03,-0.00012507799999999998,-0.008773741
2068,2016-06-06,0.007505629000000001,0.006352182
2069,2016-06-07,0.0007449710000000001,0.000413907
2070,2016-06-08,0.013027295,0.013549855
2071,2016-06-09,-0.004776485,-0.009898969
2072,2016-06-10,-0.013290672,-0.018655947
2073,2016-06-13,-0.02220005,-0.01071316
2074,2016-06-14,0.002168367,-0.000849347
2075,2016-06-15,-0.005091002,-0.008181915
2076,2016-06-16,0.0023026739999999998,0.007928005
2077,2016-06-17,-0.017358009,-0.008397109
2078,2016-06-20,0.004546045,0.011362418
2079,2016-06-21,-0.00012929899999999998,0.008055114
2080,2016-06-22,-0.010345274,-0.011039849
2081,2016-06-23,0.022213511000000002,0.017541993999999998
2082,2016-06-24,-0.040649367,-0.044300491
2083,2016-06-27,-0.02278481,-0.026238111
2084,2016-06-28,0.024815926000000002,0.015156618
2085,2016-06-29,0.02102182,0.018911745
2086,2016-06-30,-0.033489705,-0.044176707
2087,2016-07-01,0.004179587,0.008971156
2088,2016-07-05,0.00255102,-0.006865504000000001
2089,2016-07-06,-0.008169278,-0.015979148000000002
2090,2016-07-07,0.006076154,0.011286421999999999
2091,2016-07-08,0.025634142999999998,0.008541168
2092,2016-07-11,0.001308558,0.002145438
2093,2016-07-12,0.01254574,0.014084507
2094,2016-07-13,-0.000258131,0.003777778
2095,2016-07-14,0.008778725,0.012286916
2096,2016-07-15,0.0020476070000000003,-0.005686167
2097,2016-07-18,0.000127714,0.007368305
2098,2016-07-19,0.005235602,0.008515284
2099,2016-07-20,0.008130080999999999,0.009958866
2100,2016-07-21,-0.00718246,-0.009003215
2101,2016-07-22,0.014215002,0.012978585
2102,2016-07-25,-0.012138656000000001,-0.007046765
2103,2016-07-26,-0.0057005319999999995,0.004623655999999999
2104,2016-07-27,0.000509619,0.003425024
2105,2016-07-28,0.008404431,0.024106667000000002
2106,2016-07-29,-0.014395757,-0.008019998
2107,2016-08-01,0.002690583,-0.001784964
2108,2016-08-02,0.00025555799999999997,0.0018933420000000001
2109,2016-08-03,0.005493102,-0.0017847770000000002
2110,2016-08-04,0.009782747,0.008729490999999999
2111,2016-08-05,0.008303976,0.010113648000000001
2112,2016-08-08,-0.002370851,-0.001032205
2113,2016-08-09,0.00137586,-0.000826617
2114,2016-08-10,-0.00474644,-0.004239917
2115,2016-08-11,0.0055220880000000005,0.002492471
2116,2016-08-12,-0.001248128,-0.004247384
2117,2016-08-15,0.011122219,0.003329172
2118,2016-08-16,-0.0012359410000000002,-0.008502696
2119,2016-08-17,0.00037124099999999996,-0.000313742
2120,2016-08-18,-0.007050965,-0.003347631
2121,2016-08-19,0.002491591,-0.000524824
2122,2016-08-22,0.007331925,0.005986137
2123,2016-08-23,-0.0032075009999999998,0.005219752
2124,2016-08-24,-0.006311881,-0.007892824
2125,2016-08-25,0.000373646,0.000628075
2126,2016-08-26,0.00311255,0.009205984
2127,2016-08-29,0.00372347,0.0032134340000000003
2128,2016-08-30,0.0037096570000000003,0.0032031409999999996
2129,2016-08-31,-0.0033263520000000003,-0.004737872
2130,2016-09-01,0.0049443759999999995,0.010245265
2131,2016-09-02,0.008610086,0.002765827
2132,2016-09-06,0.006463415,0.009193993000000001
2133,2016-09-07,0.008602931999999999,0.007895536
2134,2016-09-08,-0.0032436329999999997,0.004117706
2135,2016-09-09,-0.019766181,-0.018303661000000002
2136,2016-09-12,0.020164761,0.019969435
2137,2016-09-13,-0.013016753,-0.0071920890000000005
2138,2016-09-14,-0.004884601,-0.006841735
2139,2016-09-15,0.006381151,0.007699320999999999
2140,2016-09-16,0.0007316180000000001,-0.001105861
2141,2016-09-19,0.005361276999999999,0.0032206120000000003
2142,2016-09-20,-0.000363592,0.008126003
2143,2016-09-21,0.008971871999999999,0.007662454
2144,2016-09-22,0.0016822879999999999,0.008492988
2145,2016-09-23,-0.009836852,-0.004504505
2146,2016-09-26,-0.008844197,-0.004918355
2147,2016-09-27,0.004278206,0.002866746
2148,2016-09-28,0.009858812,0.000591424
2149,2016-09-29,-0.012655177,-0.008866121999999999
2150,2016-09-30,0.009521484,0.011529669
2151,2016-10-03,0.001934704,0.001080869
2152,2016-10-04,-0.001568911,-0.00647821
2153,2016-10-05,0.007494258,0.011657775
2154,2016-10-06,0.000119976,0.005273437
2155,2016-10-07,-0.005758157,-0.006702934
2156,2016-10-10,0.002895753,0.00391198
2157,2016-10-11,-0.012993263,-0.012664393999999999
2158,2016-10-12,0.002559727,9.87e-05
2159,2016-10-13,-0.004620061,-0.007004736
2160,2016-10-14,0.007084401999999999,0.002285147
2161,2016-10-17,-0.0036385690000000004,-0.00029738299999999997
2162,2016-10-18,-0.006938527,0.00872583
2163,2016-10-19,0.015077225,0.009829942
2164,2016-10-20,-0.0037435090000000003,-0.001752166
2165,2016-10-21,-0.0018181820000000002,0.002925402
2166,2016-10-24,0.009957498,0.003305785
2167,2016-10-25,-0.013706865,-0.0030041670000000003
2168,2016-10-26,-0.003413385,0.003304821
2169,2016-10-27,0.002079511,0.003681457
2170,2016-10-28,0.003662109,0.031853282000000004
2171,2016-10-31,0.003527122,0.0011225439999999998
2172,2016-11-01,-0.010786571000000002,-0.019248738999999997
2173,2016-11-02,-0.012741975,-0.009146341
2174,2016-11-03,0.000868702,-0.002115385
2175,2016-11-04,-0.0035957840000000003,-0.0072268259999999996
2176,2016-11-07,0.026754603999999998,0.028438319
2177,2016-11-08,0.004484305,-0.002453756
2178,2016-11-09,0.004343629,0.004635762
2179,2016-11-10,-0.016458433,-0.01591487
2180,2016-11-11,0.000122145,0.001148325
2181,2016-11-14,-0.042745480999999995,-0.033263238
2182,2016-11-15,0.002424088,0.013248962
2183,2016-11-16,0.019218531,0.014832162
2184,2016-11-17,0.012362637,0.004326923
2185,2016-11-18,-0.003083755,0.0031594059999999996
2186,2016-11-21,0.010764662,0.011070815
2187,2016-11-22,-0.021544865,-9.44e-05
2188,2016-11-23,-0.004503941,-0.012933068999999998
2189,2016-11-25,0.007037828,0.011189748000000001
2190,2016-11-28,-0.013103706000000001,-0.022415587
2191,2016-11-29,0.00088518,0.004450464
2192,2016-11-30,-0.023120657000000003,-0.01560393
2193,2016-12-01,-0.02444387,-0.019765166
2194,2016-12-02,0.003844624,0.00918347
2195,2016-12-05,0.020998415,0.024233432000000003
2196,2016-12-06,-0.0025869870000000002,-0.014968614
2197,2016-12-07,0.02853067,0.031862745
2198,2016-12-08,-0.00037826300000000005,-0.004085511
2199,2016-12-09,-0.001765893,-0.003911467
2200,2016-12-12,-0.008086935,-0.010822718
2201,2016-12-13,0.008917197,0.000387297
2202,2016-12-14,-0.0008838380000000001,-0.00038714699999999996
2203,2016-12-15,0.00467585,0.010360186
2204,2016-12-16,-0.014465408999999999,-0.008816483
2205,2016-12-19,-0.00319081,0.001063521
2206,2016-12-20,0.003329065,0.009658103000000001
2207,2016-12-21,-0.002807555,-0.003539315
2208,2016-12-22,-0.00307141,0.0013439570000000002
2209,2016-12-23,0.003209243,0.003834723
2210,2016-12-27,0.002559181,0.000859517
2211,2016-12-28,-0.000638162,-0.010687023
2212,2016-12-29,0.00038314199999999994,0.0008680560000000001
2213,2016-12-30,-0.003957615,-0.005011082
